owner,token_id,listed,price,expired
stars1r70dgasakttj7c9z2yx22ss42tef7czt0hek7p,10,false,0,false
stars1tehvxrtljqal7mf9mt4c86uvunw0gl80fryd59,106,true,3600000000,false
stars1dcnyxhu8fuajr84sez8tupwkynpacxt7y3009f,1055,false,0,false
stars1tehvxrtljqal7mf9mt4c86uvunw0gl80fryd59,100,true,15000000000,false
stars13a7anfz0dw22ag5q8s8hge9w4vpvnvy5ja0wwc,1058,false,0,false
stars12qu4sxehs4yhwr8cgqk9gszfzs8nnwx7f5fhju,1073,false,0,false
stars1yt8yzj806dvfl6ya6jjr0anxg4rs245nfj9crt,1039,true,18000000000,false
stars13a7anfz0dw22ag5q8s8hge9w4vpvnvy5ja0wwc,1059,false,0,false
stars1xyu2q4zz0sawqpvhkl2p0279d7hd8uz7fd6kzt,1076,false,0,false
stars17phxu296xu5u2dvp66pyuxs257peyxpjm6vyd4,1013,true,7777000000,false
stars1gasfqhmwtvhkkvz499l4u7jaavcpcpzmtth9s3,1001,false,0,false
stars13g9aza50mtj8urmgadqr26678ppt29prmqe5y8,1087,false,0,false
stars1fnu8j0flhzkvww9ydk77u7fqaa4fltsasrffvf,1069,false,0,false
stars17phxu296xu5u2dvp66pyuxs257peyxpjm6vyd4,1000,true,15000000000,false
stars1dagf3gr0h6cer294e67z2jdwnugtegrzm4augw,1064,false,0,false
stars1xyu2q4zz0sawqpvhkl2p0279d7hd8uz7fd6kzt,1072,false,0,false
stars1v9gt46w6vjvrx9n59j5zfwyj7u0ekeuladj2js,109,false,0,false
stars1g9a7wt7kxg6t8xvx32mj830plq5qteq5anfdgt,1100,false,0,false
stars1w3h7e5ny7eqgsmff34uuzx0lyp46ywj4wmw659,1027,false,0,false
stars1y2knaz4gga4rrce38w5evnztsueq937ptlu6lt,1030,false,0,false
stars1kdpa3wxer2p0jpcewfn9fehfpm68s08yepf26g,1086,false,0,false
stars1afpgsrwpf0rnl05xg2pgze06yyrhrke8gx006a,1012,false,0,false
stars1v6eyyvqltyyn28vcx5wrv5artueq6atz63u273,107,false,0,false
stars10hc0ylp6t0fmwpyga2zc6zj5qcf3ed0nqpg337,1093,false,0,false
stars1ddeudm74a2ksrtndm06n63gn7kuuuqc479qzmq,1045,false,0,false
stars1tehvxrtljqal7mf9mt4c86uvunw0gl80fryd59,105,true,140000000000,false
stars1j52qmmg6lxsw6mt3p5xh207v0u5v39xlgnzj8d,1097,false,0,false
stars1adr72atmnzzvqlfe574c3qk5s9zxk0l2gq2rz5,1078,false,0,false
stars19sxaddfl8yvua6asf3gs8dszwvsemyj804wnlp,1081,false,0,false
stars19p74u3qm6v980n5wwwr8wkfwlvljj0m09qt4cj,1026,false,0,false
stars1ka075nxuw5kmq02mwf4wnz0u9m2a3a9xp5egp4,1018,false,0,false
stars1z94wxldgxrj69hpd5gtxjmq6mus8h0emweaeal,1008,false,0,false
stars1r9nmmpykgqs8y0jt23vf3626f0gpa6xny2g65u,1040,false,0,false
stars1rgnd3wftjyzm4j0jgkxlcvfhs4u6qafwlyq8yn,1106,false,0,false
stars1ljfjvdg0hps4ysqtckmx87w3hrwv54kn3keqtj,1089,false,0,false
stars1agn6f0dsw22zda0kvrpadlspkrudmdlu5krk74,1011,false,0,false
stars1r9nmmpykgqs8y0jt23vf3626f0gpa6xny2g65u,1038,false,0,false
stars1xyu2q4zz0sawqpvhkl2p0279d7hd8uz7fd6kzt,1074,false,0,false
stars1lwdu3chxu9l4fmvwqckl3zdv9tp99qg69agysz,1024,false,0,false
stars12h2x9j0vnauzgcvfza4dqegmvhm7yep65cn2nd,1105,false,0,false
stars1dzrnwu24y33ck2y56ehmfnda5suhdqfgc5364q,1053,false,0,false
stars1ykdlm6ue5zah26gertsa47hj25y8nz9pqp3ewv,1079,false,0,false
stars1gp8hg5wy09qkvx3krqjntzszdnfn25dh9pakxf,1103,false,0,false
stars14y0q8r9mdx7aw3khh8l7mzerww2nfu784mk6pu,1010,false,0,false
stars1uup8gpzrk5wpaw8tu6ml72ur3ag0u6wmlan9sv,1066,false,0,false
stars19p74u3qm6v980n5wwwr8wkfwlvljj0m09qt4cj,1003,false,0,false
stars1d8cap65rg6y2u0vxjac7lnzvcp9y086s39wavz,108,true,2000000000,false
stars1s2w9z3ad0quyxd8re7hw786eaq8a9r5az7q8sk,1056,false,0,false
stars19sxaddfl8yvua6asf3gs8dszwvsemyj804wnlp,1068,false,0,false
stars15dmsnfyssurf6hgwhmyzwy8gdkztg96tjxezj6,1070,false,0,false
stars19sxaddfl8yvua6asf3gs8dszwvsemyj804wnlp,1090,false,0,false
stars1dpltqq0vx52vkarvy07rjer92thkufgthejn7q,1085,false,0,false
stars1ahtz2gf5v3zw239p0w6k9dhydpyxfwhtsm06dg,1049,false,0,false
stars1e72qsggtzl5y5p4dacswd67uxr5pekysur7r5v,1033,false,0,false
stars1c9z7jfdm5w0h9shm693y9y5tmprusr6423wusu,1060,false,0,false
stars1tnzs7qn5j22c0z8c8f6klg4l0nt0t9dgwh8vx9,1023,false,0,false
stars19sxaddfl8yvua6asf3gs8dszwvsemyj804wnlp,1032,true,4999000000,false
stars188zumy54u8fpwqlk3yd8ektv95jgy99ej6qcnu,101,false,0,false
stars1xyu2q4zz0sawqpvhkl2p0279d7hd8uz7fd6kzt,1075,false,0,false
stars12lzvcacrthkmx33dkxfce9pffnuazz5eghg60l,1037,false,0,false
stars1lm25s78k6jpfq6kgg4lmd7hfukcyyrvxsea8uu,1034,false,0,false
stars18wxl3epgl0msyvqpy77ajzuehxwwwal4kk2420,1062,true,5000000000,false
stars1w29q07ffksumkxm0rhzd2r3vcgdyjaft8lha2m,1063,false,0,false
stars1t9nd2wcgjxkw7mvgzm7z70vl6jf408u75v6kch,1036,false,0,false
stars1y5eqrhudwkc2uquaz3v429zuqsw4nhjmwnd4cx,1061,false,0,false
stars1z2gj9rhqhjrhfff9td7amuv5r8222dm7uua0gs,1096,false,0,false
stars1t5hvue9rgayq6fgt99434c89jn65t6vm9xqsxa,1005,false,0,false
stars10z6mwcv78kmnj4lm74ce3zydrqwuh5qhtcqj8n,1092,false,0,false
stars10ye6m8k9g39t327yuvnj86y2kq639epzp4h9jv,1007,true,225000000000,false
stars13a7anfz0dw22ag5q8s8hge9w4vpvnvy5ja0wwc,1057,false,0,false
stars1j6yw6aldlctpaz2na3awsnexle3a8k6z8x9744,1091,false,0,false
stars1v6eyyvqltyyn28vcx5wrv5artueq6atz63u273,1065,false,0,false
stars1thvncfatxukryyceuqxh5fzvxa57sj7q6530t3,103,false,0,false
stars1r70dgasakttj7c9z2yx22ss42tef7czt0hek7p,1050,false,0,false
stars1y573wwtlw47tj0flkwhphhgrpufgptxfyvqrfm,1067,false,0,false
stars1u2j6t46ptgtrjyfn0v5k70u429kpzkl2j0dwz6,1017,false,0,false
stars17fvj54vszd55sxgccu942ckpkdv3vxwf4mdu5e,1080,false,0,false
stars1wxvu0t256369tl3gm3g7wc05qjd8wvd8y647yw,1043,false,0,false
stars19sxaddfl8yvua6asf3gs8dszwvsemyj804wnlp,1014,false,0,false
stars1guger5vlqy5r8yhy29ay62aqspslex5esphc89,1044,false,0,false
stars1gdw2v7cuqdm2pyzcc882cmqflhe952tcwhze93,1047,false,0,false
stars1lfx5twrgkj9at99n5pgeznn57zjza4n5a8uzc7,1004,false,0,false
stars1c0q7xhs8l769c37ygxeyhj6m9yj4j9yzqxa9ru,1046,false,0,false
stars17phxu296xu5u2dvp66pyuxs257peyxpjm6vyd4,1009,true,19000000000,false
stars1mlmqjjqxud9f2z8k23ygqv37a2v4n38d9ge8e9,1104,false,0,false
stars1twaqkw5fje0xj5z4jxvft6hsd2gxwfk69x2c5n,1098,true,18888000000,false
stars1gm5drmc3zufv5yayusm0rsr0a5vhp3tx2wfenp,1,false,0,false
stars1l0f2ckdsx07jnxcy3ucq5x3fw6ttnrgjlwyma3,1077,true,1177000000,false
stars19sxaddfl8yvua6asf3gs8dszwvsemyj804wnlp,1025,false,0,false
stars1r020k5d5p9sc2ytpa38dt56vup8m42yajfgs3a,1083,false,0,false
stars19sxaddfl8yvua6asf3gs8dszwvsemyj804wnlp,1019,true,1699000000,false
stars19p74u3qm6v980n5wwwr8wkfwlvljj0m09qt4cj,1042,false,0,false
stars1jk8wdg4lyjkpf9ly8c76j8mx99h76503k0nuyj,1041,false,0,false
stars1f4tfssdyvjuutm4s8w770nhek2f6f7yvt4e78p,1035,false,0,false
stars1dlyccvmvcewd2mahhs5n69n3ves4ldtlcu3jcv,11,false,0,false
stars1qur9zxas008j8hjgqk0qehq0l3uf6y3mvz6ef0,1082,true,27000000000,false
stars1gct8lxs2560nhtg3kapj25wzky59jeljr46c30,1031,false,0,false
stars13g9aza50mtj8urmgadqr26678ppt29prmqe5y8,1102,false,0,false
stars1g52j4hug5n8n8nhjmuv624e5dwdq4plu4kp4qn,1054,false,0,false
stars19e4wqyvhecq7ze0s42kcdsy034a6ue7n44kml9,1084,false,0,false
stars10hncce2cs2hlv7l4djw4syhx0sevdz9257tsh5,1117,false,0,false
stars1udhtf5w3lsauvefa65mtsmrthcj388usnqvhls,1147,true,10000000000,false
stars1dqxyc2pzmwrw0v6e8nf9alsz9d42ffq9686gvr,1146,true,7000000000,false
stars142y7tvfszk3z5t56dufy0sks3ejm27yvhcvecz,1134,false,0,false
stars17thjlfery37pq7jnzpsylplvm0s9frfsqhgzcx,1150,false,0,false
stars1yxhjnc3u2avecdqwj63n4xeymg958ausmm28ng,1115,false,0,false
stars10rgklxvl892p07754t4yv573y9nrw3q0d2z8a6,112,false,0,false
stars10hncce2cs2hlv7l4djw4syhx0sevdz9257tsh5,1116,false,0,false
stars1jz6wf7xquefuraxqgwgcjyyznf6xqhxxdvjeea,1166,false,0,false
stars1wwf5qcpg6wxn304k65te96apdf59vdx0vq7jsh,1123,false,0,false
stars1884g097ldwahyzpvl5xjr4dtlztc9uhkj9nqsq,1120,false,0,false
stars1r2x9cdpjdyc3z6hvms0v5lngwz0zxspe6z83nq,1108,false,0,false
stars15xhytau6h7ypmts5k93u7dd4c9takfy5vpkf4d,1128,false,0,false
stars1r9nmmpykgqs8y0jt23vf3626f0gpa6xny2g65u,1122,false,0,false
stars13stj4dcva0efyew5a9dk2ehp0zqwyv2j0l70uw,1149,true,4995000000,false
stars1ahna99xw2vn8yntz3zx7xcghezuad0hxwtpjzd,114,false,0,false
stars16a5nzlqg4yyxclsv9kv2myt9f5w8c9lekua3mm,1163,false,0,false
stars138lagxac7fq7c5me3fu8p6ntnhahcgyrwqvtcy,1139,false,0,false
stars1sefn0da30juv928gj4anarq27vqq73v4kkw6qp,1144,false,0,false
stars1hp7k378djny7qzwehxflx9tlpva7j9xu25rmee,1157,false,0,false
stars1f9cmjlkwqrklu6hlhk8a4atw9wnawj2j028hs3,1143,false,0,false
stars1w29q07ffksumkxm0rhzd2r3vcgdyjaft8lha2m,1183,false,0,false
stars1lm25s78k6jpfq6kgg4lmd7hfukcyyrvxsea8uu,115,false,0,false
stars1ey2qq46jncqumzhz8yn4wregkca3v06cm0nht2,1114,false,0,false
stars13s7vekg5x3ycj9d5lus4mgh8fh4zylvs5yfvnx,1168,true,15750000000,false
stars12el5dedx63w4643swkgxntpqhsvscg4frn0pw2,1165,false,0,false
stars1fm4jgd2ge6k5wkad6q306enurgs46gnzhyu9dv,1151,false,0,false
stars1r9nmmpykgqs8y0jt23vf3626f0gpa6xny2g65u,1170,false,0,false
stars1884g097ldwahyzpvl5xjr4dtlztc9uhkj9nqsq,1136,false,0,false
stars1xwseskrmnxrvesmad0xtyfvl3lx7xzkklayua3,1191,false,0,false
stars1qt4jy9v3mhvex4prsnvsef368jymk88m2j5dxu,1182,false,0,false
stars1hp7k378djny7qzwehxflx9tlpva7j9xu25rmee,1155,false,0,false
stars1q3faa036uwzrpz8mrv8e35e5fgj7r77kf20dhq,1167,false,0,false
stars1hp7k378djny7qzwehxflx9tlpva7j9xu25rmee,1153,false,0,false
stars1hp7k378djny7qzwehxflx9tlpva7j9xu25rmee,1160,false,0,false
stars1ar6qlg80p0l3zwfaq2qqv8h4gp5sxpg3r55h5p,1172,false,0,false
stars19j7q2n8am6fmm98dy60p3dn2r6jw4euyh8cg9k,1142,false,0,false
stars144q3zf67ehecqpvsxmkxkx6wul0c9rsxlcmfvg,1140,false,0,false
stars1k278k46nsvnc9ahx0n94qwt9qul7vea6j07m2t,1186,true,13000000000,false
stars1hgv7e8pjk8jqtfwsypq34y3puqxtald24rmnpw,1129,false,0,false
stars10hncce2cs2hlv7l4djw4syhx0sevdz9257tsh5,1118,false,0,false
stars1s43d82z8l7u5nlv8j93h7ems8l6nwxsm0sn00f,1189,false,0,false
stars1nrxvjaka92taqtw56zctw6l5mnlawdefng4vuq,1132,true,7500000000,false
stars1f205t3y08u7ew880wt2ywa2syjm50l6lv4wk7q,1179,false,0,false
stars1pz9r9j7m2u72ale0yulrjmps9tpnkpnvpa8h49,1177,false,0,false
stars1grkwn5pz3dcmdeejk2me2zre9r4264huqytn9h,1127,false,0,false
stars1xyu2q4zz0sawqpvhkl2p0279d7hd8uz7fd6kzt,1145,false,0,false
stars1hzwrqxxw4yqut4ljn44xtwjdy262m0ywnzhre5,117,false,0,false
stars12sg9j60qwdmfy9sne75k5pm2rk6hfjd5scyj34,118,false,0,false
stars1afpgsrwpf0rnl05xg2pgze06yyrhrke8gx006a,1174,false,0,false
stars10hc0ylp6t0fmwpyga2zc6zj5qcf3ed0nqpg337,1181,false,0,false
stars1hg6vmq4fetd5smw8la5n0e06727j3s6y3yac36,1121,false,0,false
stars1cclcsle377v86nqg4aplk48657r3hjhu53njk2,120,false,0,false
stars1hp7k378djny7qzwehxflx9tlpva7j9xu25rmee,1161,false,0,false
stars1qtl3p007vd9zz7ws8xj9vyjt5x7elg7cyjgllz,1152,false,0,false
stars1hp7k378djny7qzwehxflx9tlpva7j9xu25rmee,1154,false,0,false
stars1s43g8xes662vgs43gmca9za3qrfv5ztr5mmp99,113,false,0,false
stars15v3gafftnkk0wdjdw7w2ttlr38ee29aejqn0q2,1109,false,0,false
stars1wwf5qcpg6wxn304k65te96apdf59vdx0vq7jsh,1125,false,0,false
stars1xkv2qssufjmwjrtue4svkgx6ctd5ya75ecrw7n,1119,false,0,false
stars1ja8v5zer5ucdhslkdhyfd3j38vhun39kk4z7r9,1175,false,0,false
stars1k0vg3eckckdl7l99xj2v7u4n2yzjm537afnstz,1131,false,0,false
stars1thvncfatxukryyceuqxh5fzvxa57sj7q6530t3,1164,false,0,false
stars1gxv7ajptsj0auwdcszuc3tpyylt3xaj7dcz97g,1197,false,0,false
stars15gyvfwvfq6v539p5t9qpug24k32yq086yjqjw2,1173,false,0,false
stars1u2wpyuem4tuj22tajan9cjn5npcq8syv2gs3h0,1141,false,0,false
stars1k278k46nsvnc9ahx0n94qwt9qul7vea6j07m2t,1184,true,25000000000,false
stars1lu4pyg6fgumqf4lg4jyfd5qded9cadlam84a8u,1107,false,0,false
stars1tapjtvaas6h7aludtf59zfq5s8u6y9njj55mjt,1187,false,0,false
stars1hv9hd208naf6x9e5kt2y64pr5zdwm9m3nafg08,1196,false,0,false
stars1gdw2v7cuqdm2pyzcc882cmqflhe952tcwhze93,1192,false,0,false
stars13nhlg7cqspec5e0yv0n6nts3zcmfnc6hqu05g8,116,false,0,false
stars1hp7k378djny7qzwehxflx9tlpva7j9xu25rmee,1158,false,0,false
stars12sg9j60qwdmfy9sne75k5pm2rk6hfjd5scyj34,119,false,0,false
stars19sxaddfl8yvua6asf3gs8dszwvsemyj804wnlp,1190,false,0,false
stars1hv9hd208naf6x9e5kt2y64pr5zdwm9m3nafg08,1195,false,0,false
stars1gdw2v7cuqdm2pyzcc882cmqflhe952tcwhze93,1171,true,8700000000,false
stars1pz9r9j7m2u72ale0yulrjmps9tpnkpnvpa8h49,1176,false,0,false
stars1hp7k378djny7qzwehxflx9tlpva7j9xu25rmee,1159,false,0,false
stars1u4ptg0clsfauvl66fmmuthup5x55rrlrhwhg3e,1206,true,11000000000,false
stars128kzv82fdxx9ywl987e5dwswc02dycrk8njl70,1137,false,0,false
stars1gdw2v7cuqdm2pyzcc882cmqflhe952tcwhze93,1200,true,9000000000,false
stars1r9nmmpykgqs8y0jt23vf3626f0gpa6xny2g65u,1135,false,0,false
stars18wxl3epgl0msyvqpy77ajzuehxwwwal4kk2420,1110,true,2600000000,false
stars144q3zf67ehecqpvsxmkxkx6wul0c9rsxlcmfvg,1214,false,0,false
stars1hv9hd208naf6x9e5kt2y64pr5zdwm9m3nafg08,1194,false,0,false
stars1tapjtvaas6h7aludtf59zfq5s8u6y9njj55mjt,1188,false,0,false
stars19h5damllwklw6xmuz0lct4vc8zsxkdc3nfpeyl,1130,false,0,false
stars1j6yw6aldlctpaz2na3awsnexle3a8k6z8x9744,1199,false,0,false
stars1w02ckej86acnn907v0zyvqvzlnc98wqlkvun7l,1211,false,0,false
stars1dau4jn4xtpnugumazn8qx6r0n5c44ty29w8x7g,1201,false,0,false
stars1prq3xewt4p7j56a3ttl5k56pfe732n7wjjlnph,1212,false,0,false
stars1hp7k378djny7qzwehxflx9tlpva7j9xu25rmee,1156,false,0,false
stars13stj4dcva0efyew5a9dk2ehp0zqwyv2j0l70uw,1204,true,2500000000,false
stars1afpgsrwpf0rnl05xg2pgze06yyrhrke8gx006a,12,false,0,false
stars1xppddg7r4mdwk08duvdpv8fxh0lypzszuycxtq,1202,false,0,false
stars17wtjzq8fuclh0jqlzrhzd0kpwuq0h2hjqrkx87,1213,false,0,false
stars1f205t3y08u7ew880wt2ywa2syjm50l6lv4wk7q,1208,false,0,false
stars1wwf5qcpg6wxn304k65te96apdf59vdx0vq7jsh,1124,false,0,false
stars1t64u2enf3t7jrq2sw49n2aqngxhpa4qjjf9053,1210,false,0,false
stars10f02xs375u4kxaw357ex6pp4a6xn9clmr2u3wy,1274,false,0,false
stars1q0tfewa60enuu8utyjs9w7um58njhd7fpjvryq,1304,true,2669000000,false
stars1w8k5ef8a2d7cx2tvmdnf4zq6xpzl3c29kx95qg,122,false,0,false
stars1htykx3lxy839905cfsskkde4mvqqq3e6l7p0aq,1315,false,0,false
stars14y0q8r9mdx7aw3khh8l7mzerww2nfu784mk6pu,1300,false,0,false
stars18t3t43sgmthk5g8l0a0urjwk9ahylef5f93aj3,1307,false,0,false
stars1rkty8csmczt8ctxc5lswjg895szr0ds2m42qg8,1321,false,0,false
stars1zttl5ud0klt90zlcp6kxwczncz7tvhl9x73avw,1224,true,5555000000,false
stars15av20f2dg63r3qll44qn97ynp7q8t2la4g5na0,1243,false,0,false
stars138lagxac7fq7c5me3fu8p6ntnhahcgyrwqvtcy,1244,false,0,false
stars1rqx7h77w3gjvwxekg6uecnfsxjdz98hpu7uvj9,1260,false,0,false
stars1q0tfewa60enuu8utyjs9w7um58njhd7fpjvryq,1303,false,0,false
stars19mfhnnr8rmthsalns23hxwlck24tsa7ceyjv6k,1216,false,0,false
stars1zlr3fpzk3pgkgmtnkj9zd0w0jqx47apka34ya5,1236,false,0,false
stars1f205t3y08u7ew880wt2ywa2syjm50l6lv4wk7q,1217,false,0,false
stars19sxaddfl8yvua6asf3gs8dszwvsemyj804wnlp,1227,true,1905000000,false
stars1djrjesjy64uqzlmrr6y05c69gp55kck6yyc872,123,false,0,false
stars1g0mn967fcq3gclrd6ffjfp2le5l89x58ts66l4,1319,false,0,false
stars1vmnszddr75huvt7fcvx7nuvk7vje4qmxde49yd,1314,false,0,false
stars1rqx7h77w3gjvwxekg6uecnfsxjdz98hpu7uvj9,1252,false,0,false
stars1rqx7h77w3gjvwxekg6uecnfsxjdz98hpu7uvj9,1253,false,0,false
stars1yqxtj0ke9yxn2vjpe0v5gqc5zptfrzex0tluv8,1320,false,0,false
stars137mu7epufsjqlwe5kdqzuzgnp2he8kp300khqk,130,false,0,false
stars1clcsva9694rykhtsjwzjzj42gps7l4l6kevu23,1309,true,2400000000,false
stars1nc4welhrszwezz6z07sw286ss0g5qr6z25f4q2,1228,false,0,false
stars1nnm5rt8xtzr7r0ea6c7nyv8ha67ms2ycgp2vln,1313,false,0,false
stars1lc44j7elezem60gw6vqs2aeewwzek8qk0aa8d0,1272,false,0,false
stars14y0q8r9mdx7aw3khh8l7mzerww2nfu784mk6pu,132,true,3333000000,false
stars18wxl3epgl0msyvqpy77ajzuehxwwwal4kk2420,1312,true,4200000000,false
stars1enxsm9r99hxun6l8vr3xtjpgt7xjm486qhppyk,125,false,0,false
stars1rqx7h77w3gjvwxekg6uecnfsxjdz98hpu7uvj9,1259,false,0,false
stars1rqx7h77w3gjvwxekg6uecnfsxjdz98hpu7uvj9,1257,false,0,false
stars1s43d82z8l7u5nlv8j93h7ems8l6nwxsm0sn00f,1222,false,0,false
stars1rqx7h77w3gjvwxekg6uecnfsxjdz98hpu7uvj9,1256,false,0,false
stars1gdw2v7cuqdm2pyzcc882cmqflhe952tcwhze93,1269,false,0,false
stars1c0alnmdraq35ds7v7k4fcm3322dx6v7y30ntvg,1311,false,0,false
stars1cr4un74yqcujygz86ztwu6hcrm4tl5xt3uy7tr,1308,false,0,false
stars107tn5s5nsznzvczjf76qhsq2fwwe6j9zwc8j0z,1235,false,0,false
stars1aq5yv8pqghxtpwngmfwy33wpudkjz5vvhelanw,1264,false,0,false
stars1wh3nwe6gcgf3vld5vlfthjqk40wxkh00at0x94,1282,false,0,false
stars17wtjzq8fuclh0jqlzrhzd0kpwuq0h2hjqrkx87,1247,false,0,false
stars19sxaddfl8yvua6asf3gs8dszwvsemyj804wnlp,13,true,9999000000,false
stars1w29q07ffksumkxm0rhzd2r3vcgdyjaft8lha2m,1240,false,0,false
stars1q0tfewa60enuu8utyjs9w7um58njhd7fpjvryq,1305,true,1869000000,false
stars1xyu2q4zz0sawqpvhkl2p0279d7hd8uz7fd6kzt,1276,false,0,false
stars1hv9hd208naf6x9e5kt2y64pr5zdwm9m3nafg08,1296,false,0,false
stars1rqx7h77w3gjvwxekg6uecnfsxjdz98hpu7uvj9,1258,false,0,false
stars1xyu2q4zz0sawqpvhkl2p0279d7hd8uz7fd6kzt,1275,false,0,false
stars12mqgfxh25tqrl4xz39z0t67r4q024c7qxdrje5,1238,false,0,false
stars1qkzqdx4l2r6gf0nmw3n0jmv2dust2kc4l5r7kf,126,false,0,false
stars1u8xff6p6p4uunrpha6m7fskv6j5z49qhc7cjk8,1261,false,0,false
stars12el5dedx63w4643swkgxntpqhsvscg4frn0pw2,131,false,0,false
stars17smfsx40llagc3gj8p2f5x3r0rmdl8fwx0pgmd,1242,false,0,false
stars17thjlfery37pq7jnzpsylplvm0s9frfsqhgzcx,1293,false,0,false
stars10f02xs375u4kxaw357ex6pp4a6xn9clmr2u3wy,1310,false,0,false
stars1c0q7xhs8l769c37ygxeyhj6m9yj4j9yzqxa9ru,1221,false,0,false
stars1d9pcgcunyghapt4e0agj66yj5qegefps6j7422,1281,false,0,false
stars1kck4ru2xagff367hsgcrft6vkfjjw2lpf5ldt5,1288,false,0,false
stars1qwmuq7wlspvfextwqaqs836wq48nqm3y7wwn3a,1301,false,0,false
stars1exlp2pnz8cg9t39mx6qzwhr95ru0am998gwyeg,1225,false,0,false
stars15yx5xg670usc4pg5zmwc3zrpfguv0rfpmsec0u,1290,false,0,false
stars1rqx7h77w3gjvwxekg6uecnfsxjdz98hpu7uvj9,1251,false,0,false
stars16de66ggzajlaynlaxg8azt0dtxfsqe89cc2mw2,1302,false,0,false
stars1ja8v5zer5ucdhslkdhyfd3j38vhun39kk4z7r9,1234,false,0,false
stars1enxsm9r99hxun6l8vr3xtjpgt7xjm486qhppyk,1285,false,0,false
stars1artj04ggd38xftestmm48jg2ycyt9xut3e2y0l,1237,false,0,false
stars1hzwrqxxw4yqut4ljn44xtwjdy262m0ywnzhre5,1279,false,0,false
stars14y0q8r9mdx7aw3khh8l7mzerww2nfu784mk6pu,1239,false,0,false
stars12uzpujmdwfa4jx03tsrcu55pv8es9vz78uw558,1230,false,0,false
stars1c0q7xhs8l769c37ygxeyhj6m9yj4j9yzqxa9ru,1292,false,0,false
stars1w29q07ffksumkxm0rhzd2r3vcgdyjaft8lha2m,1287,false,0,false
stars18lxa0q4qeu39ntqv92xwged50qtknxf5678jmj,127,false,0,false
stars1qwmuq7wlspvfextwqaqs836wq48nqm3y7wwn3a,1250,false,0,false
stars1el25n4548xcnqv7drhmujjahsvv5u2kmawwk04,1268,false,0,false
stars1tghgz0mvgpsxtyr8t8u8unlqd95fqxfwhj0zgs,1218,false,0,false
stars1xyu2q4zz0sawqpvhkl2p0279d7hd8uz7fd6kzt,1277,false,0,false
stars1q0tfewa60enuu8utyjs9w7um58njhd7fpjvryq,1263,false,0,false
stars1q2ajpdysq8g4lswr9erm68862ynpv7cxrlyzpg,1291,false,0,false
stars1rqx7h77w3gjvwxekg6uecnfsxjdz98hpu7uvj9,1255,false,0,false
stars1qhupt8fkzxqz9dkgrr9afc3w58ls89qewrraad,1294,true,60000000000,false
stars1v6eyyvqltyyn28vcx5wrv5artueq6atz63u273,1232,false,0,false
stars1c0alnmdraq35ds7v7k4fcm3322dx6v7y30ntvg,1286,false,0,false
stars1vcrzezdkzqga9ns6x26pyj6plxus2gwmwqh4er,1246,false,0,false
stars13g9aza50mtj8urmgadqr26678ppt29prmqe5y8,1318,false,0,false
stars1fpssq72xh5a68y4xr3eez8c8ehn57h0cvd0p55,1215,false,0,false
stars1d0dgkpdudvvxq9h2hu2lnt6zkqqxy4wkuqkezg,1306,false,0,false
stars1qk0muecs0g5se4smdr83wdzs5x0k44mm9qszgg,1299,false,0,false
stars10l56qdud5g6qt3pzywy65urm9cle0mx7aur6zd,1278,false,0,false
stars12vyyl4xf8x9tjzgcnl2p5t8jm6mw4uzr4censp,1219,false,0,false
stars1v97agk4gkyytpphhymqxhh3aqvvra3vve3trux,128,false,0,false
stars13stj4dcva0efyew5a9dk2ehp0zqwyv2j0l70uw,1298,true,1995000000,false
stars1d9zmnxvtfyt4fl9dlt529emx6eqd32nzvyc6fp,1317,false,0,false
stars1z5lzsy8jrljmyjnmdy7kwcmxxz5lkcse70lgwm,1284,false,0,false
stars1lwdu3chxu9l4fmvwqckl3zdv9tp99qg69agysz,1271,false,0,false
stars1qwmuq7wlspvfextwqaqs836wq48nqm3y7wwn3a,1283,false,0,false
stars1r9nmmpykgqs8y0jt23vf3626f0gpa6xny2g65u,1273,false,0,false
stars1rqx7h77w3gjvwxekg6uecnfsxjdz98hpu7uvj9,1254,false,0,false
stars1pua2ne85l4hqjs5haqtu4sez2jgr67ejdhmgt8,1265,false,0,false
stars1hg6vmq4fetd5smw8la5n0e06727j3s6y3yac36,1267,false,0,false
stars1zgm5an3z2mgg0k80eh64dmdaujk5jyp4ypcc9w,1262,true,25000000000,false
stars1jzekzshmt7hurf5j0qkprnv0tnrj9mc0ulvpdk,1327,false,0,false
stars1jzekzshmt7hurf5j0qkprnv0tnrj9mc0ulvpdk,1329,false,0,false
stars1rk6qdahk8s7e5pn7354ddfzu90qfcd8j9pnt84,1325,false,0,false
stars1lgu08ra2mdplydsjz4d765dln8lp5rmp95u049,1391,false,0,false
stars19lhtm9yrpkmnwfufl3tm30tdrchr7w3k9p6ala,1333,true,1600000000,false
stars1wahy5fj6mka5crsa5q4tpdj0juhhuty64d3ydp,1339,false,0,false
stars1lgu08ra2mdplydsjz4d765dln8lp5rmp95u049,1396,false,0,false
stars1r9nmmpykgqs8y0jt23vf3626f0gpa6xny2g65u,1322,false,0,false
stars17j30cl90haqdc9mx7d7f9ajugyucdr3yejvkzk,1404,false,0,false
stars1lgu08ra2mdplydsjz4d765dln8lp5rmp95u049,1390,false,0,false
stars1rgnd3wftjyzm4j0jgkxlcvfhs4u6qafwlyq8yn,1401,false,0,false
stars1dy3z0yzq562n08q8xuvnhm33l3xwa6unyjv4q9,140,false,0,false
stars19xeucpasxg08jthuhktw3m82gcnz8myxnl2n29,1405,false,0,false
stars1jzt962czzt3ruwsapec9fzmrm7kcj442vjk36c,1408,false,0,false
stars16uk5te0nn25ttquxavvq0qzzx5nej6d0eml6x8,133,false,0,false
stars1lgu08ra2mdplydsjz4d765dln8lp5rmp95u049,1397,false,0,false
stars1lgu08ra2mdplydsjz4d765dln8lp5rmp95u049,1399,false,0,false
stars1lgu08ra2mdplydsjz4d765dln8lp5rmp95u049,1384,false,0,false
stars14y0q8r9mdx7aw3khh8l7mzerww2nfu784mk6pu,1337,false,0,false
stars1eqstawylxn8c9dmfxzrg037nd0ej2dt52msf5e,1340,false,0,false
stars1dy3z0yzq562n08q8xuvnhm33l3xwa6unyjv4q9,138,false,0,false
stars1lgu08ra2mdplydsjz4d765dln8lp5rmp95u049,1386,false,0,false
stars1j0lq4ynh3ct6kr09uh8x3dau57dt6uzpw9f2m0,134,false,0,false
stars1lgu08ra2mdplydsjz4d765dln8lp5rmp95u049,1387,false,0,false
stars1lgu08ra2mdplydsjz4d765dln8lp5rmp95u049,1385,false,0,false
stars1lgu08ra2mdplydsjz4d765dln8lp5rmp95u049,1388,false,0,false
stars1lgu08ra2mdplydsjz4d765dln8lp5rmp95u049,1392,true,3500000000,false
stars1nvn4sfc3r2d69c7v0j9v7ak87xepz9q5e6734v,1406,true,2500000000,false
stars1jm03c2yqy0xr0pfejs2k5ygr5lf88pxwr93aq5,1328,false,0,false
stars1dy3z0yzq562n08q8xuvnhm33l3xwa6unyjv4q9,139,false,0,false
stars1s2w9z3ad0quyxd8re7hw786eaq8a9r5az7q8sk,1335,false,0,false
stars1lgu08ra2mdplydsjz4d765dln8lp5rmp95u049,1382,false,0,false
stars1aj68jzw6ducqpryfaghkhjqnvuwch932tagyf4,1381,false,0,false
stars14y0q8r9mdx7aw3khh8l7mzerww2nfu784mk6pu,1334,true,2999000000,false
stars1dcnyxhu8fuajr84sez8tupwkynpacxt7y3009f,1416,false,0,false
stars1lgu08ra2mdplydsjz4d765dln8lp5rmp95u049,1395,false,0,false
stars1y573wwtlw47tj0flkwhphhgrpufgptxfyvqrfm,1336,false,0,false
stars1q0tfewa60enuu8utyjs9w7um58njhd7fpjvryq,1428,false,0,false
stars1cfth8gtf3ne68pp6qr4wfhu0apzhssw43x583m,1398,false,0,false
stars1gdw2v7cuqdm2pyzcc882cmqflhe952tcwhze93,1389,false,0,false
stars1lgu08ra2mdplydsjz4d765dln8lp5rmp95u049,1380,false,0,false
stars1gdw2v7cuqdm2pyzcc882cmqflhe952tcwhze93,1409,false,0,false
stars1x3jcz2eg9dk25kg4tlyrrx5gl8gfpfz283ufga,1326,false,0,false
stars1jzekzshmt7hurf5j0qkprnv0tnrj9mc0ulvpdk,1330,false,0,false
stars1lgu08ra2mdplydsjz4d765dln8lp5rmp95u049,1393,false,0,false
stars14y0q8r9mdx7aw3khh8l7mzerww2nfu784mk6pu,1403,true,3333000000,false
stars1muttxxvr034r4y7nrnyfylharms4fsuewflhv0,1323,false,0,false
stars1lgu08ra2mdplydsjz4d765dln8lp5rmp95u049,1383,false,0,false
stars1psrq9jj9w3nxa5w5rmpavuu9vlxkcseu2dxcuh,1352,false,0,false
stars1k278k46nsvnc9ahx0n94qwt9qul7vea6j07m2t,1347,true,99000000000,false
stars1myl82tug0sp4z644zxhnzkwfexl4h49sm0ezwv,1415,true,2000000000000,false
stars1vm7vszms82n8kt9xs7r3xetv66ptumur62nqag,1412,false,0,false
stars1zgm5an3z2mgg0k80eh64dmdaujk5jyp4ypcc9w,1414,true,15000000000,false
stars1d8cap65rg6y2u0vxjac7lnzvcp9y086s39wavz,1410,true,2000000000,false
stars186evfh75dyrwe90mjf5wuj9uddh8jkfsexp80k,135,false,0,false
stars1c0q7xhs8l769c37ygxeyhj6m9yj4j9yzqxa9ru,1348,false,0,false
stars1q0tfewa60enuu8utyjs9w7um58njhd7fpjvryq,1353,false,0,false
stars1flhs29gr32y3xywvxuzqxymu5pgvyyat0r5epn,1357,false,0,false
stars12gnkn36sk0wfnrhsfr74ep8qa68pa4gjwcfwcm,1344,false,0,false
stars16tgexnvy7354ul6ve08kqk8czar5eejf7yzz3w,1358,false,0,false
stars1psrq9jj9w3nxa5w5rmpavuu9vlxkcseu2dxcuh,1354,false,0,false
stars1s2w9z3ad0quyxd8re7hw786eaq8a9r5az7q8sk,1350,false,0,false
stars1vm7vszms82n8kt9xs7r3xetv66ptumur62nqag,1411,false,0,false
stars14y0q8r9mdx7aw3khh8l7mzerww2nfu784mk6pu,1341,false,0,false
stars1cnws7yuwsh34eznhrwcckkn3kl2unqsgx93tg6,1373,true,2123000000,false
stars184fyqmewxly5fmz79zndlklq3asnqke2trjh3r,136,false,0,false
stars1gu5r9eh6j96xn30hx37z2r5mnf0tj6adxpgjvp,1372,false,0,false
stars1dy3z0yzq562n08q8xuvnhm33l3xwa6unyjv4q9,142,false,0,false
stars1dy3z0yzq562n08q8xuvnhm33l3xwa6unyjv4q9,141,false,0,false
stars199nhjadlzff79fdxwyqj5ul8nqsv0zyec86wyz,137,false,0,false
stars14y0q8r9mdx7aw3khh8l7mzerww2nfu784mk6pu,1370,false,0,false
stars1u8xff6p6p4uunrpha6m7fskv6j5z49qhc7cjk8,1374,false,0,false
stars1f7f3cdemg6kt68m4wznf3syh467gfuwx0lc69w,1355,false,0,false
stars1lgu08ra2mdplydsjz4d765dln8lp5rmp95u049,1376,false,0,false
stars14y0q8r9mdx7aw3khh8l7mzerww2nfu784mk6pu,1369,true,3789000000,false
stars1q0tfewa60enuu8utyjs9w7um58njhd7fpjvryq,1423,false,0,false
stars188zumy54u8fpwqlk3yd8ektv95jgy99ej6qcnu,1362,false,0,false
stars1q0tfewa60enuu8utyjs9w7um58njhd7fpjvryq,1422,true,1769000000,false
stars1lgu08ra2mdplydsjz4d765dln8lp5rmp95u049,1379,false,0,false
stars1mr5jv8u7m3as09fn9vp2e9mxgspezr0hwhtnns,1413,false,0,false
stars1frruu2ru6prrr5lj2n6z9ltjs47tf5qweemcgg,1371,true,7500000000,false
stars1q0tfewa60enuu8utyjs9w7um58njhd7fpjvryq,1420,false,0,false
stars1aq5yv8pqghxtpwngmfwy33wpudkjz5vvhelanw,1361,false,0,false
stars1kdq58l260vkhndxtj6wflxdpxx7dh9ptdh92sn,1419,false,0,false
stars1q0tfewa60enuu8utyjs9w7um58njhd7fpjvryq,1426,true,2269000000,false
stars1ejqe3wwy03y9aafqf702489gq02q5gfr693fav,1365,false,0,false
stars1q0tfewa60enuu8utyjs9w7um58njhd7fpjvryq,1427,false,0,false
stars1q0tfewa60enuu8utyjs9w7um58njhd7fpjvryq,1425,true,2669000000,false
stars12gnkn36sk0wfnrhsfr74ep8qa68pa4gjwcfwcm,1417,false,0,false
stars1q0tfewa60enuu8utyjs9w7um58njhd7fpjvryq,1421,false,0,false
stars1psrq9jj9w3nxa5w5rmpavuu9vlxkcseu2dxcuh,1424,false,0,false
stars1f7f3cdemg6kt68m4wznf3syh467gfuwx0lc69w,1364,false,0,false
stars1lgu08ra2mdplydsjz4d765dln8lp5rmp95u049,1378,false,0,false
stars1p7gyng5y74pvrfdnlg2h7yr7vmfs9r6g8jlaqn,1356,false,0,false
stars17n29htts9z3wd0ydtq0uwsxtpw0hs0c5tmlmum,1367,false,0,false
stars1x3jcz2eg9dk25kg4tlyrrx5gl8gfpfz283ufga,1360,false,0,false
stars1ql5d08k8tmhs6mc6pgu6k69tf5e0e6hx8jklqk,1418,false,0,false
stars14y0q8r9mdx7aw3khh8l7mzerww2nfu784mk6pu,1363,false,0,false
stars15kua95y83mppz6vhelgfsgngx7hgzjfucxlq34,1368,false,0,false
stars12sg9j60qwdmfy9sne75k5pm2rk6hfjd5scyj34,1375,false,0,false
stars1d0dgkpdudvvxq9h2hu2lnt6zkqqxy4wkuqkezg,1430,false,0,false
stars12fum7jh3lfe966h6lqkqmy6mrlre9yyxz343re,1449,false,0,false
stars1jsl39dn5swpa6rmx3lfpydyg72dg0dqgkp9gk9,1448,false,0,false
stars1xxznmq3a0647kygevplz9ltlu4fzw2uytsv4g6,1471,false,0,false
stars1xyu2q4zz0sawqpvhkl2p0279d7hd8uz7fd6kzt,1463,false,0,false
stars1adr72atmnzzvqlfe574c3qk5s9zxk0l2gq2rz5,1489,false,0,false
stars1q0tfewa60enuu8utyjs9w7um58njhd7fpjvryq,1429,true,2269000000,false
stars1dy3z0yzq562n08q8xuvnhm33l3xwa6unyjv4q9,149,false,0,false
stars1x4vhnxkfrqvgq6ehftrtp5l0286gawvmgylmcm,1434,false,0,false
stars19sxaddfl8yvua6asf3gs8dszwvsemyj804wnlp,1438,false,0,false
stars1s2t8u8q52yzlnmj93ny9e83eg6uvdpt52tk2m4,1433,false,0,false
stars13mdtn8xulzjtspqmtszuva5p5j88uyegxjq6g0,1508,false,0,false
stars1fkuqhrc6pwulf3zlu6w5vcjxs5h9tdkrmzz3mh,1495,true,2360000000,false
stars1tw2z0csgvnakxlm9fcvu4vlsqdvs9hlgxe47yd,1507,false,0,false
stars1s43d82z8l7u5nlv8j93h7ems8l6nwxsm0sn00f,1444,false,0,false
stars1zh7jmkpej65yv6rh4amvh8nyj8nwzcdkg4497k,1457,false,0,false
stars1phjay9jyx7wty20qpts2t78eqq22dvaqxlrect,1493,false,0,false
stars1r9nmmpykgqs8y0jt23vf3626f0gpa6xny2g65u,1465,false,0,false
stars157qsf4nkgvynzhrn5n7ktp49apyd9ejh9fmvc0,1458,false,0,false
stars1jzekzshmt7hurf5j0qkprnv0tnrj9mc0ulvpdk,1532,false,0,false
stars10zq9eczlht00nh4rgxx9rxgsag7pzwwaml2ksg,1437,false,0,false
stars14y0q8r9mdx7aw3khh8l7mzerww2nfu784mk6pu,1442,false,0,false
stars146szxw5uzjx59vm0m5qu2mywqj2e55tvl0u4k9,1468,true,3500000000,false
stars1zhmcjl7nl3j0pv4qhnxcw35fuww2rjch95plsq,1443,false,0,false
stars1ygvm6wdxv4zgpkhurqaddlvtwherryvm5p3lte,1503,false,0,false
stars1dy3z0yzq562n08q8xuvnhm33l3xwa6unyjv4q9,143,false,0,false
stars1h4wl6xtpkasvfudj55dt3fmu9vrfwh06d2g89a,1504,true,1900000000,false
stars1dcuffk2efqtujxqjhwcpn90py305mnfuww8cgf,150,false,0,false
stars1y573wwtlw47tj0flkwhphhgrpufgptxfyvqrfm,1499,false,0,false
stars1r9nmmpykgqs8y0jt23vf3626f0gpa6xny2g65u,1513,false,0,false
stars1sxz3flmqfmk8czcjmqqknq0gpxhl0ungln3rll,1505,false,0,false
stars1fpssq72xh5a68y4xr3eez8c8ehn57h0cvd0p55,1446,false,0,false
stars16uk5te0nn25ttquxavvq0qzzx5nej6d0eml6x8,1516,false,0,false
stars1q0tfewa60enuu8utyjs9w7um58njhd7fpjvryq,1435,false,0,false
stars1uvnk984yhpw48jfu5srvsrqdt03kkvlcw8z2mh,1467,true,20000000000,false
stars100xcnt5x5c6z98dr9pmmtmxpq7fzykx4z3pk6d,152,false,0,false
stars10l56qdud5g6qt3pzywy65urm9cle0mx7aur6zd,1521,false,0,false
stars14n8a7dcjmqsf4qfuwas7dzwpg2dvzcw4s9qy96,1494,false,0,false
stars1r9nmmpykgqs8y0jt23vf3626f0gpa6xny2g65u,1519,false,0,false
stars13g9aza50mtj8urmgadqr26678ppt29prmqe5y8,1477,false,0,false
stars10ye6m8k9g39t327yuvnj86y2kq639epzp4h9jv,1506,false,0,false
stars1vyr25fpz2httevfz65mgcrj2kaurw55m6xmc68,1461,false,0,false
stars1e9xsxlwyc7rqqsmpzs3ykyhcsfazr7m4eply0c,1456,false,0,false
stars1c0q7xhs8l769c37ygxeyhj6m9yj4j9yzqxa9ru,1452,false,0,false
stars1r9nmmpykgqs8y0jt23vf3626f0gpa6xny2g65u,1451,false,0,false
stars1pjw44hj9473lu06c85uvmzed93n88nazxr2mx3,1517,false,0,false
stars1q0tfewa60enuu8utyjs9w7um58njhd7fpjvryq,1496,true,2169000000,false
stars1afpgsrwpf0rnl05xg2pgze06yyrhrke8gx006a,1491,false,0,false
stars100xcnt5x5c6z98dr9pmmtmxpq7fzykx4z3pk6d,153,false,0,false
stars1f205t3y08u7ew880wt2ywa2syjm50l6lv4wk7q,1525,false,0,false
stars14y0q8r9mdx7aw3khh8l7mzerww2nfu784mk6pu,1473,false,0,false
stars145r3gn8lh25l8ww8akzm63zlkcsnvfcs6xh7fy,1524,false,0,false
stars1afc49t7efvjdqzf6jgsyycj7vrqqe7mlkj7jmx,1518,false,0,false
stars1mg24h08pwlg5vfgw2p27ahllgalku0c7656mqs,1476,false,0,false
stars1swa0enrx8s396th79lr60lwwz3t6m94vvmu4tm,15,false,0,false
stars1afc49t7efvjdqzf6jgsyycj7vrqqe7mlkj7jmx,1482,false,0,false
stars1zh8nqcm699u7qxtk3xgnh0x7ccuw97m8nlzjtw,1528,false,0,false
stars17j30cl90haqdc9mx7d7f9ajugyucdr3yejvkzk,1479,false,0,false
stars1dy3z0yzq562n08q8xuvnhm33l3xwa6unyjv4q9,144,false,0,false
stars17thjlfery37pq7jnzpsylplvm0s9frfsqhgzcx,1484,false,0,false
stars1c0q7xhs8l769c37ygxeyhj6m9yj4j9yzqxa9ru,1490,false,0,false
stars10rdut36lnhsrudd3t4zqqgpvrmxam4leay5alt,1526,false,0,false
stars1u8xff6p6p4uunrpha6m7fskv6j5z49qhc7cjk8,1478,false,0,false
stars1884g097ldwahyzpvl5xjr4dtlztc9uhkj9nqsq,1510,false,0,false
stars13mdtn8xulzjtspqmtszuva5p5j88uyegxjq6g0,1501,false,0,false
stars1dy3z0yzq562n08q8xuvnhm33l3xwa6unyjv4q9,145,false,0,false
stars1xvp68gtr03v6yd8j4lrr8sj5p54y49exh7fsr9,1514,false,0,false
stars1x6lku838dmerjaslypgm2ykfs66ec7da72pxgk,1474,false,0,false
stars13mdtn8xulzjtspqmtszuva5p5j88uyegxjq6g0,1502,false,0,false
stars1hpz6q3ec4j8yg7umncjjzymqwzq3ym4mul8zkp,1485,false,0,false
stars1xyu2q4zz0sawqpvhkl2p0279d7hd8uz7fd6kzt,1466,false,0,false
stars1gdw2v7cuqdm2pyzcc882cmqflhe952tcwhze93,1523,false,0,false
stars1q0tfewa60enuu8utyjs9w7um58njhd7fpjvryq,1497,true,1969000000,false
stars1r9nmmpykgqs8y0jt23vf3626f0gpa6xny2g65u,1459,false,0,false
stars1c0q7xhs8l769c37ygxeyhj6m9yj4j9yzqxa9ru,1515,false,0,false
stars10nfkc4gn9fsy6y5qgj2xf5d682hh7w2q22k5jj,1529,false,0,false
stars1lfx5twrgkj9at99n5pgeznn57zjza4n5a8uzc7,1527,false,0,false
stars18wxl3epgl0msyvqpy77ajzuehxwwwal4kk2420,1464,true,2800000000,false
stars1zh7jmkpej65yv6rh4amvh8nyj8nwzcdkg4497k,1520,false,0,false
stars1tcashe2jcwu4mlwql08ayrmv72dwanpz2rpqwh,1472,false,0,false
stars12vq25496n4gqatssj6zq9eyx7cfc3lwjrhz0ce,1488,false,0,false
stars1hqwe6e2rmwht69k8826w6ru8k7sq78kjspaghr,1511,false,0,false
stars1c0alnmdraq35ds7v7k4fcm3322dx6v7y30ntvg,1475,false,0,false
stars1uaux0dl3gh40y9czng2eqn2d52uu8afvylv8u7,1445,false,0,false
stars1secx8cx8uu9fx6rznstjn5qcvjxd8udkncxyd6,1500,false,0,false
stars1dy3z0yzq562n08q8xuvnhm33l3xwa6unyjv4q9,146,false,0,false
stars10z6mwcv78kmnj4lm74ce3zydrqwuh5qhtcqj8n,1481,false,0,false
stars1dy3z0yzq562n08q8xuvnhm33l3xwa6unyjv4q9,148,false,0,false
stars1dy3z0yzq562n08q8xuvnhm33l3xwa6unyjv4q9,147,false,0,false
stars14y0q8r9mdx7aw3khh8l7mzerww2nfu784mk6pu,1531,false,0,false
stars1mr5jv8u7m3as09fn9vp2e9mxgspezr0hwhtnns,1480,false,0,false
stars157a6sstrw9tuwmaqwurzqsskvrxsk3tpv9y29x,1453,false,0,false
stars1qn20cpledv4vq4vr5tdgd8003q74l6xcz03tua,1487,false,0,false
stars1mlnak03uv77p8chr50aryqnyrxn8ht6ejez4un,1486,false,0,false
stars1jzt962czzt3ruwsapec9fzmrm7kcj442vjk36c,1522,false,0,false
stars152wy5klhjyqekg0wxkltu2y4h0u0tk3qcey57z,151,false,0,false
stars1ql5d08k8tmhs6mc6pgu6k69tf5e0e6hx8jklqk,1462,false,0,false
stars1vuq9jaytesqkwm69h3mlnjdwr9atmjxpyvdgj9,1483,false,0,false
stars19sxaddfl8yvua6asf3gs8dszwvsemyj804wnlp,1530,true,9999000000,false
stars1psrq9jj9w3nxa5w5rmpavuu9vlxkcseu2dxcuh,1498,false,0,false
stars1pjw44hj9473lu06c85uvmzed93n88nazxr2mx3,154,false,0,false
stars17qrfgsyepv3mk2f29jkvf0y7q0fnyx7dd78l5z,1580,false,0,false
stars1q4clswap3yfypctae36n2m22ktz0z4zul8nyfc,1535,false,0,false
stars16uk5te0nn25ttquxavvq0qzzx5nej6d0eml6x8,209,false,0,false
stars1d70msx25fef5adt8v547awhk5gc6lugs2ht3ya,1581,false,0,false
stars16n9npclhpfd0vthsr8udq02aazqta7ewc0hjjx,1571,false,0,false
stars13mdtn8xulzjtspqmtszuva5p5j88uyegxjq6g0,1542,false,0,false
stars199nhjadlzff79fdxwyqj5ul8nqsv0zyec86wyz,1540,false,0,false
stars1unvmlzec4fsuug0xryvkj4y45s4qam3hk2rv24,1594,false,0,false
stars1frruu2ru6prrr5lj2n6z9ltjs47tf5qweemcgg,158,true,30000000000,false
stars18q2ghslvlsx2x0e772y8y42jq3aklmc26ekaej,1538,false,0,false
stars1q0tfewa60enuu8utyjs9w7um58njhd7fpjvryq,1534,false,0,false
stars1u8xff6p6p4uunrpha6m7fskv6j5z49qhc7cjk8,1550,false,0,false
stars1vm7vszms82n8kt9xs7r3xetv66ptumur62nqag,1587,false,0,false
stars1rqx7h77w3gjvwxekg6uecnfsxjdz98hpu7uvj9,1599,false,0,false
stars10f02xs375u4kxaw357ex6pp4a6xn9clmr2u3wy,1553,false,0,false
stars13mdtn8xulzjtspqmtszuva5p5j88uyegxjq6g0,1543,false,0,false
stars14y0q8r9mdx7aw3khh8l7mzerww2nfu784mk6pu,1562,false,0,false
stars1f7f3cdemg6kt68m4wznf3syh467gfuwx0lc69w,1584,false,0,false
stars1wwas4jprv3e8k8y25vchh4780xhx47wrwfx9k6,1549,true,2000000000,false
stars1dcnyxhu8fuajr84sez8tupwkynpacxt7y3009f,207,false,0,false
stars1qm456vvkvnw9syq72w0wysxfcfhk7vxjl77ltm,1589,false,0,false
stars1uh3j5x9mpzqvy77fst2up6awx43gvyxx0kw7w7,192,false,0,false
stars1g6mw23zvgpk3g4h26sd7n2dfc29w8zevl60un6,1600,false,0,false
stars1fpssq72xh5a68y4xr3eez8c8ehn57h0cvd0p55,1546,false,0,false
stars1edsz4r9yp2r6sq2rm4lx68ax8kkj8c6hw874ey,1586,false,0,false
stars14y0q8r9mdx7aw3khh8l7mzerww2nfu784mk6pu,1559,false,0,false
stars13mdtn8xulzjtspqmtszuva5p5j88uyegxjq6g0,1541,false,0,false
stars1gk6h6lswwqer8ulfgfvy64nj0p42xd9dfpwxan,155,false,0,false
stars1pjw44hj9473lu06c85uvmzed93n88nazxr2mx3,175,false,0,false
stars1k45w36e0uh2ha6traj4skp6tzqzeyf6w6mzlvf,1573,false,0,false
stars1e8gddqsrku6j9px3qwsp7kd0lruastrhsu79ms,198,false,0,false
stars1j52qmmg6lxsw6mt3p5xh207v0u5v39xlgnzj8d,194,false,0,false
stars1hg6vmq4fetd5smw8la5n0e06727j3s6y3yac36,189,false,0,false
stars1q0tfewa60enuu8utyjs9w7um58njhd7fpjvryq,1557,true,1869000000,false
stars14hlh5awh0xhsyksg8neqz0687x4zs22qd98rxy,1597,false,0,false
stars1kg6tr8uk6fx6sahgfu485vu94h65fdcwh6wsgp,183,false,0,false
stars14skmleyrkjzfyerfeaw990k705332nfdwfjvqm,1596,true,2200000000,false
stars1v5rmwmzhfvpu6wjdekuxkz7fra97genpvesspp,156,false,0,false
stars157mhaldtehppp32gv8axn8mtak9l8ezn4kdsgn,1551,false,0,false
stars1xyu2q4zz0sawqpvhkl2p0279d7hd8uz7fd6kzt,1595,false,0,false
stars1g9a7wt7kxg6t8xvx32mj830plq5qteq5anfdgt,1588,false,0,false
stars1cclnhtrf8xh2agjwu2hsfqvc2a4ac5eas0ad9p,1591,false,0,false
stars1pua2ne85l4hqjs5haqtu4sez2jgr67ejdhmgt8,173,false,0,false
stars1z5lzsy8jrljmyjnmdy7kwcmxxz5lkcse70lgwm,1560,false,0,false
stars1seq2v0pvfdkscfr3par50qnt9cu4ytw3grag84,1569,false,0,false
stars1fkcd8dtx7yemjdpxf2e6tr2y0z7nmzaqgptjcm,185,false,0,false
stars1zcy7h9vpj2g4w0xw3ta3ky977z6e6ht03dkjg3,205,false,0,false
stars16uk5te0nn25ttquxavvq0qzzx5nej6d0eml6x8,206,false,0,false
stars1kg6tr8uk6fx6sahgfu485vu94h65fdcwh6wsgp,182,false,0,false
stars1kg6tr8uk6fx6sahgfu485vu94h65fdcwh6wsgp,184,false,0,false
stars1tnzs7qn5j22c0z8c8f6klg4l0nt0t9dgwh8vx9,1576,false,0,false
stars13w52a540e3k8p4e349f4uext56lf93q5j4xwkt,1590,false,0,false
stars1lc44j7elezem60gw6vqs2aeewwzek8qk0aa8d0,1570,false,0,false
stars1cclcsle377v86nqg4aplk48657r3hjhu53njk2,1593,false,0,false
stars13usnadvzl8utxn99hqwf5c4efpmm03h5r2z2v3,159,false,0,false
stars1frruu2ru6prrr5lj2n6z9ltjs47tf5qweemcgg,1567,true,16000000000,false
stars17smfsx40llagc3gj8p2f5x3r0rmdl8fwx0pgmd,174,false,0,false
stars14xesdgt74hcjc9qtnl23674nhq8mpve37hh3zx,163,false,0,false
stars17smfsx40llagc3gj8p2f5x3r0rmdl8fwx0pgmd,18,false,0,false
stars1nc4welhrszwezz6z07sw286ss0g5qr6z25f4q2,191,false,0,false
stars1huc94kzt6ty9p4dfjghz0a58cyg59r3rwavpy0,1585,false,0,false
stars16n6klgn79dvey5mc5k73tvtm9nn58r77qhg63y,1592,false,0,false
stars1fpssq72xh5a68y4xr3eez8c8ehn57h0cvd0p55,161,false,0,false
stars1ex58ltuvruyew8849atkwqxr22nr8jwwgjm8va,190,false,0,false
stars1qwmuq7wlspvfextwqaqs836wq48nqm3y7wwn3a,162,false,0,false
stars1mm8huzhpk5tx5vgj877zse37c2zdymzlh57kv6,166,false,0,false
stars1n5yr7uxk9eza6m29ew7zvrc0zkd5nvweenjcay,199,false,0,false
stars1gt8qpuxf5f6pkdw0rwa9kjuwx22s2qd3smdqj2,1555,false,0,false
stars1adr72atmnzzvqlfe574c3qk5s9zxk0l2gq2rz5,179,false,0,false
stars19ckvp2666xc5aaevrmufppyzjtggfhguqcrnnl,1582,false,0,false
stars13ff658m82uagjf9lph7g8c3ukt9rvgg8sgzq57,204,false,0,false
stars1frruu2ru6prrr5lj2n6z9ltjs47tf5qweemcgg,157,true,6000000000,false
stars1vx6tes4r4ngemz3zyqnaneq6ldylf7y0sprnq0,1533,false,0,false
stars145r3gn8lh25l8ww8akzm63zlkcsnvfcs6xh7fy,1566,false,0,false
stars1vcrzezdkzqga9ns6x26pyj6plxus2gwmwqh4er,1579,false,0,false
stars1l4epvlqwgjdg3262wlvt0qwj7j8sx7y6uvc20h,1558,false,0,false
stars1v6eyyvqltyyn28vcx5wrv5artueq6atz63u273,1561,false,0,false
stars17qrfgsyepv3mk2f29jkvf0y7q0fnyx7dd78l5z,1568,false,0,false
stars1m74zj2duq6aqunjz4syec6wtquxygrkpe6dfnc,168,false,0,false
stars1hjsc3m9h2a07k2l8kyyf5g54tt0t7nwhmzpmkh,164,false,0,false
stars1fkcd8dtx7yemjdpxf2e6tr2y0z7nmzaqgptjcm,186,false,0,false
stars1gm5drmc3zufv5yayusm0rsr0a5vhp3tx2wfenp,2,false,0,false
stars1fkcd8dtx7yemjdpxf2e6tr2y0z7nmzaqgptjcm,187,false,0,false
stars1y5eqrhudwkc2uquaz3v429zuqsw4nhjmwnd4cx,1575,false,0,false
stars1vgem2mp89cpmxtnvjn3qy95n3ateswj0kkzexn,165,false,0,false
stars1q0tfewa60enuu8utyjs9w7um58njhd7fpjvryq,1556,true,1969000000,false
stars1wz9pk9th0kc4q7evmp255qzcd40ddccyyqkctt,172,false,0,false
stars1u2wpyuem4tuj22tajan9cjn5npcq8syv2gs3h0,178,false,0,false
stars1ruylwmjtwkmjew60zqlqnacg3f5u6kudv6zmf4,16,false,0,false
stars1f205t3y08u7ew880wt2ywa2syjm50l6lv4wk7q,1564,false,0,false
stars15av20f2dg63r3qll44qn97ynp7q8t2la4g5na0,19,false,0,false
stars1afpgsrwpf0rnl05xg2pgze06yyrhrke8gx006a,208,false,0,false
stars1uh3j5x9mpzqvy77fst2up6awx43gvyxx0kw7w7,193,false,0,false
stars1zfumnevwwkdngyf9u8rf5fmv3md0zzcwavav5s,197,false,0,false
stars1urtkpz2adymkvm9dw3yg6sw8lmucjnxtvm75jj,202,false,0,false
stars1hg6vmq4fetd5smw8la5n0e06727j3s6y3yac36,200,false,0,false
stars1yqht6x4gx328ym896j2k6e43qnayg09tasxg6p,196,false,0,false
stars1v5rmwmzhfvpu6wjdekuxkz7fra97genpvesspp,20,false,0,false
stars16uk5te0nn25ttquxavvq0qzzx5nej6d0eml6x8,201,false,0,false
stars16uk5te0nn25ttquxavvq0qzzx5nej6d0eml6x8,210,false,0,false
stars10hc0ylp6t0fmwpyga2zc6zj5qcf3ed0nqpg337,317,false,0,false
stars1nfvthf088r00wv4lkdnsz328xk9z656qctlxpz,211,false,0,false
stars12sg9j60qwdmfy9sne75k5pm2rk6hfjd5scyj34,21,false,0,false
stars1adr72atmnzzvqlfe574c3qk5s9zxk0l2gq2rz5,235,false,0,false
stars1mt79je23y0za837jedv796jjvxysuh4xerlxrw,238,true,4000000000,false
stars14y0q8r9mdx7aw3khh8l7mzerww2nfu784mk6pu,222,true,2999000000,false
stars1mvk8603ksv5spt9epgruemcqdh3qruze93yp4r,212,false,0,false
stars1mt79je23y0za837jedv796jjvxysuh4xerlxrw,236,true,5000000000,false
stars1elfze5gm8dxaz0xhvwexqttnpal8nvww2hmhkp,262,false,0,false
stars1t67c44dy4w2r0tpa058sm89f6mejzas3skasr2,226,true,2000000000,false
stars1p8y9wkftsjurpuwv59ppzntt4696ss2axl6vua,305,false,0,false
stars1uyfkpv3uq86y38elpgl4veaujtt4wkkj0qwhmw,218,false,0,false
stars1artj04ggd38xftestmm48jg2ycyt9xut3e2y0l,283,false,0,false
stars1v97agk4gkyytpphhymqxhh3aqvvra3vve3trux,30,false,0,false
stars1fh0yzz97nduaunzu8hccd36ur56n4859vmf0lu,314,false,0,false
stars1fgtezhnxtfsu9g3j3d973p76k8ldxgzmv3s0nv,244,false,0,false
stars1vcrzezdkzqga9ns6x26pyj6plxus2gwmwqh4er,294,false,0,false
stars1jqtyhv6lqqnvu9ap6yfm425qtuyhfksypjg7fl,216,false,0,false
stars1sdsrymgug80g9lafdwu3xzryv47206zmmqzfme,300,false,0,false
stars14y0q8r9mdx7aw3khh8l7mzerww2nfu784mk6pu,281,false,0,false
stars18jem2j2hd6unhnmrgvupj99zqyvxu6377mxafd,215,false,0,false
stars15wpzzsc8jk8ppezt2u535zg7eydw3kn9a9c9er,268,false,0,false
stars1lejwqaxmhruxn9dhmmvfsrvtazqeqmth7hayv3,224,false,0,false
stars19sxaddfl8yvua6asf3gs8dszwvsemyj804wnlp,301,false,0,false
stars1hzwrqxxw4yqut4ljn44xtwjdy262m0ywnzhre5,265,false,0,false
stars1t67c44dy4w2r0tpa058sm89f6mejzas3skasr2,221,false,0,false
stars1y5eqrhudwkc2uquaz3v429zuqsw4nhjmwnd4cx,295,false,0,false
stars1uy8zkm8g7mfkze3zkpmtaq7t62gwgy429v5uek,240,false,0,false
stars1vkc4cce249te8j96r89lp32jerf4ymrc637x2k,313,false,0,false
stars10t89wdy6n9gt4ujc4rdq9qnehj9xpj9c9qv3xk,278,false,0,false
stars1lu9xupr2zkcfk79m9hmfh9e5pa8q9j5mr4yy86,287,false,0,false
stars14y0q8r9mdx7aw3khh8l7mzerww2nfu784mk6pu,243,false,0,false
stars14gclp0lz296nx6fsprtfudkuk8ffz5gr8fvqjj,217,false,0,false
stars1z788nmsmq0mmsn29jzycc5l7eu9uy7jnd5esj9,237,false,0,false
stars1y260g8wt9ldx6czj5f5mnxzrtvf00p89jntwlv,258,false,0,false
stars1z5nylktcsuuqrxxv0nfqe6ftwdmawawqnkw674,269,false,0,false
stars1eklq74xn54rsjc3rs5eynz3gfsrmmcrjafq5qq,249,false,0,false
stars1elfze5gm8dxaz0xhvwexqttnpal8nvww2hmhkp,263,false,0,false
stars1x6lku838dmerjaslypgm2ykfs66ec7da72pxgk,214,false,0,false
stars1lc44j7elezem60gw6vqs2aeewwzek8qk0aa8d0,284,false,0,false
stars1uxfmrc4arhef2am55lxjqcr38sye2tf9zstg3r,232,false,0,false
stars13qqtm9kjtg4vfhxu384xh4xhdtm3qkwvwqxh7d,251,false,0,false
stars1xpe0fr4elxw00a0evs3l7kgqrzlv52ahrmv0f9,252,false,0,false
stars1el25n4548xcnqv7drhmujjahsvv5u2kmawwk04,297,false,0,false
stars12mqgfxh25tqrl4xz39z0t67r4q024c7qxdrje5,213,false,0,false
stars16tgexnvy7354ul6ve08kqk8czar5eejf7yzz3w,255,false,0,false
stars1v5prcj2fsk23qft97rhhyfjh8wtg35vl3ymu9l,3,true,45000000000,false
stars1m3w9dhy7pnejjy34ypg3r23cqwpk5vss97dpn3,311,false,0,false
stars1au4cf9dfed2xe46qckphrz464ga50qmv9v9ahk,239,false,0,false
stars1v97agk4gkyytpphhymqxhh3aqvvra3vve3trux,29,false,0,false
stars1d8mq46wt2yxsgwrmh6hhfgycl0537w8gl8smtl,267,false,0,false
stars1t67c44dy4w2r0tpa058sm89f6mejzas3skasr2,220,false,0,false
stars1t67c44dy4w2r0tpa058sm89f6mejzas3skasr2,219,false,0,false
stars14y0q8r9mdx7aw3khh8l7mzerww2nfu784mk6pu,231,true,5555000000,false
stars14xlpyd6tuptmdn3jfud8vur52t7ws396s8ma0q,282,false,0,false
stars1elfze5gm8dxaz0xhvwexqttnpal8nvww2hmhkp,261,false,0,false
stars1g9kk3mq3ccdfuct9fj84zdt7k23nud9vnyzaev,312,false,0,false
stars1unvmlzec4fsuug0xryvkj4y45s4qam3hk2rv24,309,false,0,false
stars1r9nmmpykgqs8y0jt23vf3626f0gpa6xny2g65u,307,false,0,false
stars1qhmk6lydl2g7a7k6676zugw4lk42fajvdud5gt,25,true,1000000000000,false
stars1uy8zkm8g7mfkze3zkpmtaq7t62gwgy429v5uek,242,false,0,false
stars12ujj8ju5pcwgxsxgk5lmpdu2u5ky99nv2n0y94,310,false,0,false
stars1j52qmmg6lxsw6mt3p5xh207v0u5v39xlgnzj8d,253,false,0,false
stars1v6eyyvqltyyn28vcx5wrv5artueq6atz63u273,271,false,0,false
stars1a862dwfs3fj483k5cek32ghre6h6905skzp7f4,230,false,0,false
stars1v97agk4gkyytpphhymqxhh3aqvvra3vve3trux,28,false,0,false
stars1t67c44dy4w2r0tpa058sm89f6mejzas3skasr2,225,true,1300000000,false
stars14y0q8r9mdx7aw3khh8l7mzerww2nfu784mk6pu,23,true,2345000000,false
stars1yqxtj0ke9yxn2vjpe0v5gqc5zptfrzex0tluv8,229,false,0,false
stars1s43d82z8l7u5nlv8j93h7ems8l6nwxsm0sn00f,264,false,0,false
stars1eqstawylxn8c9dmfxzrg037nd0ej2dt52msf5e,303,true,3999000000,false
stars14y0q8r9mdx7aw3khh8l7mzerww2nfu784mk6pu,274,true,2222000000,false
stars14y0q8r9mdx7aw3khh8l7mzerww2nfu784mk6pu,316,false,0,false
stars1rpjqknsyak6h40pktntjgmpalfz4lr4wvesdqz,308,false,0,false
stars14xesdgt74hcjc9qtnl23674nhq8mpve37hh3zx,304,false,0,false
stars15wpzzsc8jk8ppezt2u535zg7eydw3kn9a9c9er,270,false,0,false
stars1m4z6c9f0ejr7nd7cpusvpua3yckyueqk0szkg2,24,false,0,false
stars1hc6qhk9w4y56khdvzesk8nmpccdvl43cpn0dcf,280,false,0,false
stars1phrw03kmjl34pjkvv5zl5lrskhdp6374ala4v3,292,false,0,false
stars1sah6yh3jmx8z24jgnytsurqryfrx5sqwuvqd9r,228,false,0,false
stars1elfze5gm8dxaz0xhvwexqttnpal8nvww2hmhkp,259,false,0,false
stars1p3cgxfktyevew36v4z2g39hunyu5xyvjnnef7u,293,false,0,false
stars1ypv9h04t20uck5w5d43zvcua0vxlgxf6f34622,233,false,0,false
stars1hc6qhk9w4y56khdvzesk8nmpccdvl43cpn0dcf,279,false,0,false
stars1muttxxvr034r4y7nrnyfylharms4fsuewflhv0,246,false,0,false
stars14y0q8r9mdx7aw3khh8l7mzerww2nfu784mk6pu,250,false,0,false
stars1d9zmnxvtfyt4fl9dlt529emx6eqd32nzvyc6fp,26,true,9500000000,false
stars1lrsfr2ex3x003stlzv9ug2kwps7p5un2c6dcd9,22,false,0,false
stars1v97agk4gkyytpphhymqxhh3aqvvra3vve3trux,31,false,0,false
stars1p3nf9fhf86qnyxuyes3flt0hg97a60lzvlhxw6,260,false,0,false
stars14y0q8r9mdx7aw3khh8l7mzerww2nfu784mk6pu,277,false,0,false
stars1muttxxvr034r4y7nrnyfylharms4fsuewflhv0,247,false,0,false
stars195z08s2qj0em8pzyyaqm5l29p0w9vrdesc64sg,276,true,2500000000,false
stars154fvcpg0qesfnegljtpvjamr5azw548mty3tg7,234,false,0,false
stars13g9aza50mtj8urmgadqr26678ppt29prmqe5y8,306,false,0,false
stars1t67c44dy4w2r0tpa058sm89f6mejzas3skasr2,223,true,15000000000,false
stars1gnj7rh5h360ez824sp34zu3ak34557zvfycd3u,27,true,2898000000,false
stars1mglvavjesfqw5pynkgzhu5qhfllr8ufmyepd9v,286,false,0,false
stars1w8800khamp94n7htclskt0hdlxe9rn8chs68jv,275,true,3333000000,false
stars1rgnd3wftjyzm4j0jgkxlcvfhs4u6qafwlyq8yn,319,true,5000000000,false
stars1qkzqdx4l2r6gf0nmw3n0jmv2dust2kc4l5r7kf,426,false,0,false
stars14y0q8r9mdx7aw3khh8l7mzerww2nfu784mk6pu,33,false,0,false
stars1q0sx5vvussgdjn29sjp2gg924tzj0a0kf7w3ax,320,false,0,false
stars1v6eyyvqltyyn28vcx5wrv5artueq6atz63u273,321,false,0,false
stars1rttnhe0795qmns0kpnduadptke4d936c8xu4lq,32,false,0,false
stars1guger5vlqy5r8yhy29ay62aqspslex5esphc89,318,false,0,false
stars13g9aza50mtj8urmgadqr26678ppt29prmqe5y8,323,false,0,false
stars18jem2j2hd6unhnmrgvupj99zqyvxu6377mxafd,333,false,0,false
stars14y0q8r9mdx7aw3khh8l7mzerww2nfu784mk6pu,330,false,0,false
stars1f205t3y08u7ew880wt2ywa2syjm50l6lv4wk7q,334,false,0,false
stars19sxaddfl8yvua6asf3gs8dszwvsemyj804wnlp,331,false,0,false
stars188zumy54u8fpwqlk3yd8ektv95jgy99ej6qcnu,325,false,0,false
stars1lc44j7elezem60gw6vqs2aeewwzek8qk0aa8d0,332,false,0,false
stars152wy5klhjyqekg0wxkltu2y4h0u0tk3qcey57z,367,false,0,false
stars152wy5klhjyqekg0wxkltu2y4h0u0tk3qcey57z,364,false,0,false
stars1kkuy7ysjq9wwgd55ftk2zy2svl0xwa6e8hcsse,337,false,0,false
stars19l9mwm03xwgr0entkf4dt9wtpzn28q3m6csj8g,348,false,0,false
stars1z2gj9rhqhjrhfff9td7amuv5r8222dm7uua0gs,327,false,0,false
stars1f4tfssdyvjuutm4s8w770nhek2f6f7yvt4e78p,357,false,0,false
stars152wy5klhjyqekg0wxkltu2y4h0u0tk3qcey57z,366,false,0,false
stars19sxaddfl8yvua6asf3gs8dszwvsemyj804wnlp,336,true,1968000000,false
stars19sxaddfl8yvua6asf3gs8dszwvsemyj804wnlp,340,false,0,false
stars1lc44j7elezem60gw6vqs2aeewwzek8qk0aa8d0,335,false,0,false
stars1y573wwtlw47tj0flkwhphhgrpufgptxfyvqrfm,354,false,0,false
stars152wy5klhjyqekg0wxkltu2y4h0u0tk3qcey57z,363,false,0,false
stars14y0q8r9mdx7aw3khh8l7mzerww2nfu784mk6pu,342,true,3333000000,false
stars1thvncfatxukryyceuqxh5fzvxa57sj7q6530t3,358,false,0,false
stars1frruu2ru6prrr5lj2n6z9ltjs47tf5qweemcgg,35,true,4000000000,false
stars152wy5klhjyqekg0wxkltu2y4h0u0tk3qcey57z,365,false,0,false
stars1artj04ggd38xftestmm48jg2ycyt9xut3e2y0l,349,false,0,false
stars19wyf2r48l4hh4xd2rfv88yxxkk9xyqs7k269uz,346,false,0,false
stars1lamfr7ufuflu6l7aukgjnrqzcg4ad277ffp2p0,352,true,1500000000,false
stars152wy5klhjyqekg0wxkltu2y4h0u0tk3qcey57z,361,false,0,false
stars1yqht6x4gx328ym896j2k6e43qnayg09tasxg6p,343,false,0,false
stars15av20f2dg63r3qll44qn97ynp7q8t2la4g5na0,360,false,0,false
stars1cclcsle377v86nqg4aplk48657r3hjhu53njk2,338,false,0,false
stars13a6nz8mej9e9gur525x6d2hfw0ql027nnk65yj,328,false,0,false
stars1afc49t7efvjdqzf6jgsyycj7vrqqe7mlkj7jmx,353,false,0,false
stars13g9aza50mtj8urmgadqr26678ppt29prmqe5y8,359,false,0,false
stars1v6eyyvqltyyn28vcx5wrv5artueq6atz63u273,350,false,0,false
stars1ktecz4dr56j9tsfh7nwg8s9suvhfu70q4755nj,355,false,0,false
stars1kp22rcpkavm47tt7xahnjjxf4tjdlrf0kk44m6,34,false,0,false
stars152wy5klhjyqekg0wxkltu2y4h0u0tk3qcey57z,362,false,0,false
stars14y0q8r9mdx7aw3khh8l7mzerww2nfu784mk6pu,401,false,0,false
stars152wy5klhjyqekg0wxkltu2y4h0u0tk3qcey57z,368,false,0,false
stars1wh3nwe6gcgf3vld5vlfthjqk40wxkh00at0x94,412,false,0,false
stars1wh3nwe6gcgf3vld5vlfthjqk40wxkh00at0x94,408,false,0,false
stars1z788nmsmq0mmsn29jzycc5l7eu9uy7jnd5esj9,41,false,0,false
stars16tgexnvy7354ul6ve08kqk8czar5eejf7yzz3w,404,false,0,false
stars19aazmkggrjrqpcrgt8g9fg86f8saunckvm4gd7,406,false,0,false
stars1thvncfatxukryyceuqxh5fzvxa57sj7q6530t3,403,false,0,false
stars1f4tfssdyvjuutm4s8w770nhek2f6f7yvt4e78p,410,false,0,false
stars1wh3nwe6gcgf3vld5vlfthjqk40wxkh00at0x94,413,false,0,false
stars19aazmkggrjrqpcrgt8g9fg86f8saunckvm4gd7,405,false,0,false
stars1wh3nwe6gcgf3vld5vlfthjqk40wxkh00at0x94,409,false,0,false
stars1juudwgaf9tpw4qc6ctpgfu5gatp36nduv3lgcl,4,false,0,false
stars1akkxnrnmy2c5sazxyz22e8j0p7984y9rz2w78n,396,false,0,false
stars152wy5klhjyqekg0wxkltu2y4h0u0tk3qcey57z,375,false,0,false
stars152wy5klhjyqekg0wxkltu2y4h0u0tk3qcey57z,380,false,0,false
stars1qxz96ed5k7v2c2vfmckncyrk7hk5wtyddlwj6x,398,false,0,false
stars1f205t3y08u7ew880wt2ywa2syjm50l6lv4wk7q,425,false,0,false
stars152wy5klhjyqekg0wxkltu2y4h0u0tk3qcey57z,379,false,0,false
stars1wh3nwe6gcgf3vld5vlfthjqk40wxkh00at0x94,416,true,15000000000,false
stars1x6lku838dmerjaslypgm2ykfs66ec7da72pxgk,421,false,0,false
stars1zpa8jyc987z9kycryx94zk8y4wfu8rdjw8h4gd,400,false,0,false
stars152wy5klhjyqekg0wxkltu2y4h0u0tk3qcey57z,377,false,0,false
stars186kl4mamrv4nyjquv80vww00yvfznt2gehf0x6,381,false,0,false
stars1wh3nwe6gcgf3vld5vlfthjqk40wxkh00at0x94,407,true,100000000000,false
stars1sy28e7ktvy5n23v6f4nwtf4sugz43mrewqaeyv,382,false,0,false
stars1wh3nwe6gcgf3vld5vlfthjqk40wxkh00at0x94,414,true,1650000000,false
stars1uqvlftkj0re9vqu32tf9tc4k6wtg30ka0rmkvt,393,false,0,false
stars1t5zgnfz0jrvflywjmgs95rey3un57n42dme0lk,397,false,0,false
stars1qp9w9ssapq6z2vgwurthpdeltjc2smwy5w4u2c,385,false,0,false
stars1hnckhq946gwamc5ex0853rqd6jrkrtux2wc5e9,420,false,0,false
stars1v6eyyvqltyyn28vcx5wrv5artueq6atz63u273,386,false,0,false
stars1r9nmmpykgqs8y0jt23vf3626f0gpa6xny2g65u,399,false,0,false
stars152wy5klhjyqekg0wxkltu2y4h0u0tk3qcey57z,376,false,0,false
stars1wh3nwe6gcgf3vld5vlfthjqk40wxkh00at0x94,411,false,0,false
stars17pksfdz48sc09gy3uevrmrgrm6jy02k83er02c,424,false,0,false
stars1yyeuww6ja6kppqa6fgyj7p326n9w2gnnjc4dq0,418,false,0,false
stars1qt4jy9v3mhvex4prsnvsef368jymk88m2j5dxu,40,false,0,false
stars1uqvlftkj0re9vqu32tf9tc4k6wtg30ka0rmkvt,392,false,0,false
stars152wy5klhjyqekg0wxkltu2y4h0u0tk3qcey57z,369,false,0,false
stars1hg6vmq4fetd5smw8la5n0e06727j3s6y3yac36,383,false,0,false
stars15wpzzsc8jk8ppezt2u535zg7eydw3kn9a9c9er,39,false,0,false
stars152wy5klhjyqekg0wxkltu2y4h0u0tk3qcey57z,370,false,0,false
stars152wy5klhjyqekg0wxkltu2y4h0u0tk3qcey57z,372,false,0,false
stars1wh3nwe6gcgf3vld5vlfthjqk40wxkh00at0x94,415,true,1199000000,false
stars1fpr70ct7yxjajlwqftuxramwsp3v9etekqtsqj,42,true,18000000000,false
stars1y573wwtlw47tj0flkwhphhgrpufgptxfyvqrfm,402,false,0,false
stars1h4wl6xtpkasvfudj55dt3fmu9vrfwh06d2g89a,423,true,1700000000,false
stars152wy5klhjyqekg0wxkltu2y4h0u0tk3qcey57z,378,false,0,false
stars1akkxnrnmy2c5sazxyz22e8j0p7984y9rz2w78n,394,true,2000000000,false
stars10zye94zk083n84azn70q6m9zw6spls2gxmgj9z,38,false,0,false
stars152wy5klhjyqekg0wxkltu2y4h0u0tk3qcey57z,371,false,0,false
stars1vkc4cce249te8j96r89lp32jerf4ymrc637x2k,387,false,0,false
stars1y5eqrhudwkc2uquaz3v429zuqsw4nhjmwnd4cx,419,false,0,false
stars13q5caupp27n59fy4q2mar7vp0uqv5jqj56zcrw,422,false,0,false
stars1v6eyyvqltyyn28vcx5wrv5artueq6atz63u273,395,false,0,false
stars1gdw2v7cuqdm2pyzcc882cmqflhe952tcwhze93,501,false,0,false
stars14umxy88kktpw99na4x9dgvp0tyuhc58gds5wkq,479,false,0,false
stars14umxy88kktpw99na4x9dgvp0tyuhc58gds5wkq,478,false,0,false
stars1whagkrtckums8w670pqe5zykyscfsveq2vnzvh,483,false,0,false
stars1hzwrqxxw4yqut4ljn44xtwjdy262m0ywnzhre5,480,false,0,false
stars1tkdzpxn8zc2tt5x4ye2pchxfaaljgkwmakgmhz,491,false,0,false
stars128kzv82fdxx9ywl987e5dwswc02dycrk8njl70,493,false,0,false
stars1whagkrtckums8w670pqe5zykyscfsveq2vnzvh,485,false,0,false
stars1hrzjpysdeeqahrzh3zy3gc68na5fl7q48za226,482,true,1200000000,false
stars1dcnyxhu8fuajr84sez8tupwkynpacxt7y3009f,495,false,0,false
stars1xyu2q4zz0sawqpvhkl2p0279d7hd8uz7fd6kzt,48,false,0,false
stars1whagkrtckums8w670pqe5zykyscfsveq2vnzvh,486,false,0,false
stars1tkdzpxn8zc2tt5x4ye2pchxfaaljgkwmakgmhz,492,false,0,false
stars1afpgsrwpf0rnl05xg2pgze06yyrhrke8gx006a,452,false,0,false
stars1kstz78uk36gzf8zzvt2gt8v09axnm3vhdggehz,5,false,0,false
stars1xxznmq3a0647kygevplz9ltlu4fzw2uytsv4g6,529,false,0,false
stars102jwvmpcuazteaj633lqqulymqmrnss9xft0f0,496,false,0,false
stars1pzqw5erp0ugf97927sfwgyd36ca6a68867xgp3,488,false,0,false
stars1r2x9cdpjdyc3z6hvms0v5lngwz0zxspe6z83nq,454,false,0,false
stars1mlnak03uv77p8chr50aryqnyrxn8ht6ejez4un,429,false,0,false
stars1c7kplry9aytyhg3xyfq0yquwmeshkny09d3pdk,477,true,100000000000,false
stars1q0tfewa60enuu8utyjs9w7um58njhd7fpjvryq,43,false,0,false
stars12el5dedx63w4643swkgxntpqhsvscg4frn0pw2,430,false,0,false
stars128kzv82fdxx9ywl987e5dwswc02dycrk8njl70,494,false,0,false
stars1whagkrtckums8w670pqe5zykyscfsveq2vnzvh,484,false,0,false
stars15n2g3rjtepan9c0w8kurvdw92w2dts4a23h0gk,481,false,0,false
stars17pksfdz48sc09gy3uevrmrgrm6jy02k83er02c,427,false,0,false
stars1tkdzpxn8zc2tt5x4ye2pchxfaaljgkwmakgmhz,490,false,0,false
stars1c0q7xhs8l769c37ygxeyhj6m9yj4j9yzqxa9ru,428,false,0,false
stars1r2x9cdpjdyc3z6hvms0v5lngwz0zxspe6z83nq,453,false,0,false
stars12el5dedx63w4643swkgxntpqhsvscg4frn0pw2,431,false,0,false
stars12g8caymr4c52ytaqre253zd42h8e4249n3w86u,497,false,0,false
stars1v6eyyvqltyyn28vcx5wrv5artueq6atz63u273,455,false,0,false
stars1gdw2v7cuqdm2pyzcc882cmqflhe952tcwhze93,500,true,12000000000,false
stars1nnhlu7j6r4e2efuaydyvdmqs5plp963e0hmet9,50,false,0,false
stars1yzw8xcyk2uzlreas6qw3hdqvztt28ft2z57frl,499,false,0,false
stars1whagkrtckums8w670pqe5zykyscfsveq2vnzvh,487,false,0,false
stars1t7f0rmcjxvmdmftsfsy66k2yny9zq703tfegat,460,false,0,false
stars1tkjy74qf3pcw9qsxp7kzgykr3kcjycp2qq8ldq,462,false,0,false
stars1pzqw5erp0ugf97927sfwgyd36ca6a68867xgp3,44,false,0,false
stars1x6lku838dmerjaslypgm2ykfs66ec7da72pxgk,459,false,0,false
stars13a7anfz0dw22ag5q8s8hge9w4vpvnvy5ja0wwc,516,false,0,false
stars1v6eyyvqltyyn28vcx5wrv5artueq6atz63u273,46,false,0,false
stars157qsf4nkgvynzhrn5n7ktp49apyd9ejh9fmvc0,456,false,0,false
stars13g9aza50mtj8urmgadqr26678ppt29prmqe5y8,435,false,0,false
stars1lqy4lxl8tcntkcxfjjwqgxsyme8qd0vqw0hwqm,441,false,0,false
stars17urqyrawvju9u3t345d6v3e5ty3mk3hfhkesv0,440,false,0,false
stars19e4wqyvhecq7ze0s42kcdsy034a6ue7n44kml9,505,false,0,false
stars1z788nmsmq0mmsn29jzycc5l7eu9uy7jnd5esj9,434,false,0,false
stars14y0q8r9mdx7aw3khh8l7mzerww2nfu784mk6pu,437,false,0,false
stars13a7anfz0dw22ag5q8s8hge9w4vpvnvy5ja0wwc,515,false,0,false
stars12el5dedx63w4643swkgxntpqhsvscg4frn0pw2,432,false,0,false
stars1ajnk5yngy7nm20g2an6eyj8jaxu92t6l00k8q4,461,false,0,false
stars13a7anfz0dw22ag5q8s8hge9w4vpvnvy5ja0wwc,520,false,0,false
stars13a7anfz0dw22ag5q8s8hge9w4vpvnvy5ja0wwc,518,false,0,false
stars13g9aza50mtj8urmgadqr26678ppt29prmqe5y8,458,false,0,false
stars17qrfgsyepv3mk2f29jkvf0y7q0fnyx7dd78l5z,475,false,0,false
stars1frruu2ru6prrr5lj2n6z9ltjs47tf5qweemcgg,502,true,4000000000,false
stars154jwj4fg0yapu3836mzlkj2m89jrskvwgrwn9s,447,true,3500000000,false
stars1w7u0h0vjarhhfn6y4q2kp6vw0j7t3ugfscxrjz,471,false,0,false
stars13a7anfz0dw22ag5q8s8hge9w4vpvnvy5ja0wwc,523,false,0,false
stars13stj4dcva0efyew5a9dk2ehp0zqwyv2j0l70uw,509,false,0,false
stars1sah6yh3jmx8z24jgnytsurqryfrx5sqwuvqd9r,464,false,0,false
stars10zq9eczlht00nh4rgxx9rxgsag7pzwwaml2ksg,468,false,0,false
stars13a7anfz0dw22ag5q8s8hge9w4vpvnvy5ja0wwc,521,false,0,false
stars1sm7c84n4fryl39490zf3gr9550cln6g7lm4cpz,443,false,0,false
stars1k45w36e0uh2ha6traj4skp6tzqzeyf6w6mzlvf,444,false,0,false
stars1qkzqdx4l2r6gf0nmw3n0jmv2dust2kc4l5r7kf,469,false,0,false
stars10mp4ludc2kh9jgue4tudhytlc6dckgh0cr4kkd,463,false,0,false
stars17smfsx40llagc3gj8p2f5x3r0rmdl8fwx0pgmd,503,false,0,false
stars13a7anfz0dw22ag5q8s8hge9w4vpvnvy5ja0wwc,522,false,0,false
stars1xsct98zczg6g8dss00rwwgp26k2t0f864zkqhk,45,false,0,false
stars1ydtg0k67ph2erfdd3jj3dnyepcn26609zfwvkt,470,false,0,false
stars1f7f3cdemg6kt68m4wznf3syh467gfuwx0lc69w,466,false,0,false
stars1sxz3flmqfmk8czcjmqqknq0gpxhl0ungln3rll,450,false,0,false
stars1c8g0f74tuzzpu9ez5hvsdl94pm47g9ygd3dked,473,false,0,false
stars1k064mk7w47l4a8ue6j8mwj640dyet8wzma9knz,457,false,0,false
stars1pjw44hj9473lu06c85uvmzed93n88nazxr2mx3,506,false,0,false
stars1x3jcz2eg9dk25kg4tlyrrx5gl8gfpfz283ufga,445,false,0,false
stars16tgexnvy7354ul6ve08kqk8czar5eejf7yzz3w,528,false,0,false
stars1gdw2v7cuqdm2pyzcc882cmqflhe952tcwhze93,508,false,0,false
stars1sxz3flmqfmk8czcjmqqknq0gpxhl0ungln3rll,446,false,0,false
stars1wke9k02smhpsa2mtaml6lr5hy27rgwzzzwmgmp,507,false,0,false
stars1f4tfssdyvjuutm4s8w770nhek2f6f7yvt4e78p,476,false,0,false
stars1j52qmmg6lxsw6mt3p5xh207v0u5v39xlgnzj8d,51,false,0,false
stars13a7anfz0dw22ag5q8s8hge9w4vpvnvy5ja0wwc,524,false,0,false
stars1r2x9cdpjdyc3z6hvms0v5lngwz0zxspe6z83nq,451,false,0,false
stars1g6ktl9lwdhndu5rdy9c649vxfy4afxpaxqkcpd,504,false,0,false
stars1mt79je23y0za837jedv796jjvxysuh4xerlxrw,512,true,4000000000,false
stars16tgexnvy7354ul6ve08kqk8czar5eejf7yzz3w,510,false,0,false
stars1wr6l8v62c7ksth9z73qvqjelgz60py84j0yzg7,525,false,0,false
stars1sxz3flmqfmk8czcjmqqknq0gpxhl0ungln3rll,448,false,0,false
stars1sxz3flmqfmk8czcjmqqknq0gpxhl0ungln3rll,449,false,0,false
stars18z63wjpqkfw3s2ekv962shqeg55uqs7exysvy7,511,false,0,false
stars1gdw2v7cuqdm2pyzcc882cmqflhe952tcwhze93,514,true,5000000000,false
stars144q3zf67ehecqpvsxmkxkx6wul0c9rsxlcmfvg,47,false,0,false
stars1yt8yzj806dvfl6ya6jjr0anxg4rs245nfj9crt,465,false,0,false
stars13a7anfz0dw22ag5q8s8hge9w4vpvnvy5ja0wwc,517,false,0,false
stars1hzwrqxxw4yqut4ljn44xtwjdy262m0ywnzhre5,52,false,0,false
stars1qxz96ed5k7v2c2vfmckncyrk7hk5wtyddlwj6x,474,false,0,false
stars10hncce2cs2hlv7l4djw4syhx0sevdz9257tsh5,538,false,0,false
stars1t67c44dy4w2r0tpa058sm89f6mejzas3skasr2,6,false,0,false
stars1z5a9pg8tstn2aa8j8epsdgl72x6sd50xmzxtv4,543,false,0,false
stars1djdzvwwjdvhqrjl5ww2cpnmj23th7sjp56wyf8,57,false,0,false
stars18wxl3epgl0msyvqpy77ajzuehxwwwal4kk2420,567,true,2800000000,false
stars1z5a9pg8tstn2aa8j8epsdgl72x6sd50xmzxtv4,545,false,0,false
stars15v3gafftnkk0wdjdw7w2ttlr38ee29aejqn0q2,533,false,0,false
stars1djrjesjy64uqzlmrr6y05c69gp55kck6yyc872,568,false,0,false
stars1g6mw23zvgpk3g4h26sd7n2dfc29w8zevl60un6,570,false,0,false
stars1fq74j4tx5hycf4awufsv7aw6eyy5dcvw28gdvq,572,false,0,false
stars1z5a9pg8tstn2aa8j8epsdgl72x6sd50xmzxtv4,544,false,0,false
stars10hfp70p9nucq7grtmasskyut7qt9ezp0xjs6jf,561,false,0,false
stars1f205t3y08u7ew880wt2ywa2syjm50l6lv4wk7q,560,false,0,false
stars1afpgsrwpf0rnl05xg2pgze06yyrhrke8gx006a,531,false,0,false
stars18wyqz2etmx75yaj5zp2sq78hjxn20hr0ahvk7h,536,false,0,false
stars1r70dgasakttj7c9z2yx22ss42tef7czt0hek7p,55,false,0,false
stars1mjt7j5a34yn2085qx5vdg5fgelu4s973y9ddvu,597,false,0,false
stars10hncce2cs2hlv7l4djw4syhx0sevdz9257tsh5,542,true,2500000000,false
stars1up7p4uhgzfzrk6fnqjes0wty9rv7q0yxqj6nwk,564,false,0,false
stars1mqypstgwxah7mnw2dqh25g9f3qq55zg9g9650z,530,false,0,false
stars1s2w9z3ad0quyxd8re7hw786eaq8a9r5az7q8sk,635,false,0,false
stars1vr3p4yyk0vkjekrvhmjvnj4g5ypl8exau4u23c,53,false,0,false
stars19sxaddfl8yvua6asf3gs8dszwvsemyj804wnlp,566,false,0,false
stars1gdw2v7cuqdm2pyzcc882cmqflhe952tcwhze93,54,false,0,false
stars1pszr6zt6072v22zwfkfg59tna6kvv0l2wze43y,600,false,0,false
stars13qqtm9kjtg4vfhxu384xh4xhdtm3qkwvwqxh7d,535,false,0,false
stars1pszr6zt6072v22zwfkfg59tna6kvv0l2wze43y,598,false,0,false
stars1rr8jwtyyw42372z5fahdhfsn97ze8cs5e8jxvl,58,false,0,false
stars1kkuy7ysjq9wwgd55ftk2zy2svl0xwa6e8hcsse,63,false,0,false
stars13g9aza50mtj8urmgadqr26678ppt29prmqe5y8,620,false,0,false
stars13ff658m82uagjf9lph7g8c3ukt9rvgg8sgzq57,631,false,0,false
stars1eqstawylxn8c9dmfxzrg037nd0ej2dt52msf5e,56,false,0,false
stars1dcnyxhu8fuajr84sez8tupwkynpacxt7y3009f,621,false,0,false
stars1r020k5d5p9sc2ytpa38dt56vup8m42yajfgs3a,615,false,0,false
stars17qrfgsyepv3mk2f29jkvf0y7q0fnyx7dd78l5z,582,false,0,false
stars189yqr90wwuq6qcklsl0d7cq28apw0rltj4z05x,62,false,0,false
stars1884g097ldwahyzpvl5xjr4dtlztc9uhkj9nqsq,586,false,0,false
stars14y0q8r9mdx7aw3khh8l7mzerww2nfu784mk6pu,578,false,0,false
stars1lwdu3chxu9l4fmvwqckl3zdv9tp99qg69agysz,575,false,0,false
stars19sxaddfl8yvua6asf3gs8dszwvsemyj804wnlp,576,false,0,false
stars19sxaddfl8yvua6asf3gs8dszwvsemyj804wnlp,618,false,0,false
stars1afc49t7efvjdqzf6jgsyycj7vrqqe7mlkj7jmx,559,false,0,false
stars137p2qrs3qw00c28679pwu4a76md48q8zv75rv9,603,false,0,false
stars1z5a9pg8tstn2aa8j8epsdgl72x6sd50xmzxtv4,546,false,0,false
stars13au3wrpl82pcjrf9q69k2eaazpk6v4t69nhzym,580,false,0,false
stars10rgklxvl892p07754t4yv573y9nrw3q0d2z8a6,589,false,0,false
stars1cc4z96slxtrns89m9wqct954xffxl87k9rwvwl,610,false,0,false
stars124xp72fgkzd68ukccrevcu3yvd54vafaeyk26l,630,false,0,false
stars1g6mw23zvgpk3g4h26sd7n2dfc29w8zevl60un6,569,false,0,false
stars1f4tfssdyvjuutm4s8w770nhek2f6f7yvt4e78p,588,false,0,false
stars1phrw03kmjl34pjkvv5zl5lrskhdp6374ala4v3,574,false,0,false
stars132tkjh07n96s7swg790pt7500uuqtl8fgqy0j0,614,false,0,false
stars1cc4z96slxtrns89m9wqct954xffxl87k9rwvwl,612,false,0,false
stars1vuq9jaytesqkwm69h3mlnjdwr9atmjxpyvdgj9,583,false,0,false
stars1kdmxq3zhf06qqn302z6vhkmrud5t4a5dkmdes0,623,false,0,false
stars1p3cgxfktyevew36v4z2g39hunyu5xyvjnnef7u,628,false,0,false
stars1pszr6zt6072v22zwfkfg59tna6kvv0l2wze43y,601,false,0,false
stars1xezfurau4h4ua002fk3zwy3le6hhhj0nn6fcy5,605,false,0,false
stars1pszr6zt6072v22zwfkfg59tna6kvv0l2wze43y,599,false,0,false
stars1z5a9pg8tstn2aa8j8epsdgl72x6sd50xmzxtv4,548,false,0,false
stars1xezfurau4h4ua002fk3zwy3le6hhhj0nn6fcy5,604,false,0,false
stars1g9a7wt7kxg6t8xvx32mj830plq5qteq5anfdgt,622,false,0,false
stars15ucydnzg76mlt6kc3j4qmqtxh733k38382e0xz,626,false,0,false
stars10hc0ylp6t0fmwpyga2zc6zj5qcf3ed0nqpg337,624,false,0,false
stars1ug7wkpzwe7fufez6e8fafk6p7fmt9t3vwvf2hz,551,true,1199000000,false
stars1s2w9z3ad0quyxd8re7hw786eaq8a9r5az7q8sk,634,false,0,false
stars1xezfurau4h4ua002fk3zwy3le6hhhj0nn6fcy5,606,false,0,false
stars1z5a9pg8tstn2aa8j8epsdgl72x6sd50xmzxtv4,547,false,0,false
stars1t9nd2wcgjxkw7mvgzm7z70vl6jf408u75v6kch,553,false,0,false
stars1afc49t7efvjdqzf6jgsyycj7vrqqe7mlkj7jmx,595,false,0,false
stars1xezfurau4h4ua002fk3zwy3le6hhhj0nn6fcy5,608,false,0,false
stars1sm7c84n4fryl39490zf3gr9550cln6g7lm4cpz,619,false,0,false
stars16de66ggzajlaynlaxg8azt0dtxfsqe89cc2mw2,602,false,0,false
stars12kh7nmlkcvg8ys44q74jmva6nfxqfmy3gk0vn2,577,false,0,false
stars14y0q8r9mdx7aw3khh8l7mzerww2nfu784mk6pu,573,false,0,false
stars16a5nzlqg4yyxclsv9kv2myt9f5w8c9lekua3mm,633,true,4988000000,false
stars1dqxyc2pzmwrw0v6e8nf9alsz9d42ffq9686gvr,596,true,15000000000,false
stars17qrfgsyepv3mk2f29jkvf0y7q0fnyx7dd78l5z,555,false,0,false
stars10hncce2cs2hlv7l4djw4syhx0sevdz9257tsh5,540,false,0,false
stars188zumy54u8fpwqlk3yd8ektv95jgy99ej6qcnu,629,false,0,false
stars1rpxjsca5wcfgqp8r80lz20lwytcvgwdknp9wk4,60,false,0,false
stars1elfze5gm8dxaz0xhvwexqttnpal8nvww2hmhkp,541,false,0,false
stars1r4c2g5wex39kcdeahgxjaxnr2wnv7jvxynk5j6,613,false,0,false
stars1xr75z2mfrlkq6m2605823quxqtl9savnq48tn7,552,false,0,false
stars1jwn7ypq6kep82j7z4vjlfyyxe5n6clqf2hpy53,611,false,0,false
stars1hg6vmq4fetd5smw8la5n0e06727j3s6y3yac36,592,false,0,false
stars1cqxll3eck8agnfxxtu5mtma5ct83rarj9qljgy,590,true,19500000000,false
stars10hncce2cs2hlv7l4djw4syhx0sevdz9257tsh5,539,false,0,false
stars1d8mq46wt2yxsgwrmh6hhfgycl0537w8gl8smtl,579,false,0,false
stars14y0q8r9mdx7aw3khh8l7mzerww2nfu784mk6pu,61,false,0,false
stars1c0q7xhs8l769c37ygxeyhj6m9yj4j9yzqxa9ru,571,false,0,false
stars1sf3c52je20nlsjdv52e0z5lazhq0qfdw46n05z,617,false,0,false
stars1l9cemfh5cw0vgz2rvmym77v2key7x3an8gz2gy,59,false,0,false
stars16de66ggzajlaynlaxg8azt0dtxfsqe89cc2mw2,632,false,0,false
stars1xezfurau4h4ua002fk3zwy3le6hhhj0nn6fcy5,607,false,0,false
stars14y0q8r9mdx7aw3khh8l7mzerww2nfu784mk6pu,585,false,0,false
stars14y0q8r9mdx7aw3khh8l7mzerww2nfu784mk6pu,591,true,3456000000,false
stars132tkjh07n96s7swg790pt7500uuqtl8fgqy0j0,616,false,0,false
stars1sr2dasucrn8rdqvthvsc6c9de8m9a6ee9pztry,558,false,0,false
stars1dcnyxhu8fuajr84sez8tupwkynpacxt7y3009f,627,false,0,false
stars1j6yw6aldlctpaz2na3awsnexle3a8k6z8x9744,743,false,0,false
stars14y0q8r9mdx7aw3khh8l7mzerww2nfu784mk6pu,662,true,3999000000,false
stars1k278k46nsvnc9ahx0n94qwt9qul7vea6j07m2t,687,false,0,false
stars17j30cl90haqdc9mx7d7f9ajugyucdr3yejvkzk,663,false,0,false
stars168g9uzks5jtyavkd986scj4xz35erkd699zjee,660,false,0,false
stars1gdw2v7cuqdm2pyzcc882cmqflhe952tcwhze93,668,false,0,false
stars1cn4chy9r4qlhpxdaf0tc6eh343cqvje3slvz7v,642,true,2000000000,false
stars1s2w9z3ad0quyxd8re7hw786eaq8a9r5az7q8sk,641,false,0,false
stars13vtg6907g7gta86unrpc3v2s378rt4pg73jhyh,673,false,0,false
stars1lucch767n6ykc6n087zxgpxph8xhkrj27nzqk5,646,false,0,false
stars1w8k5ef8a2d7cx2tvmdnf4zq6xpzl3c29kx95qg,667,false,0,false
stars13vtg6907g7gta86unrpc3v2s378rt4pg73jhyh,674,false,0,false
stars18k06k6927s3sem3knr5y92mp78cfnffwcnhwp6,666,false,0,false
stars1afc49t7efvjdqzf6jgsyycj7vrqqe7mlkj7jmx,654,false,0,false
stars1qk0muecs0g5se4smdr83wdzs5x0k44mm9qszgg,643,false,0,false
stars1gy5ftyqqr69p8fyypt5z7wpsx3r5dhhxrft4ly,652,false,0,false
stars1qxz96ed5k7v2c2vfmckncyrk7hk5wtyddlwj6x,690,false,0,false
stars155yh2law2aklr3t2muu080udrdmj6gathf7wkr,671,false,0,false
stars10hfp70p9nucq7grtmasskyut7qt9ezp0xjs6jf,67,false,0,false
stars1s2w9z3ad0quyxd8re7hw786eaq8a9r5az7q8sk,639,false,0,false
stars14y0q8r9mdx7aw3khh8l7mzerww2nfu784mk6pu,670,false,0,false
stars1yt8yzj806dvfl6ya6jjr0anxg4rs245nfj9crt,665,false,0,false
stars188zumy54u8fpwqlk3yd8ektv95jgy99ej6qcnu,644,false,0,false
stars1hv9hd208naf6x9e5kt2y64pr5zdwm9m3nafg08,669,false,0,false
stars1gy5ftyqqr69p8fyypt5z7wpsx3r5dhhxrft4ly,653,false,0,false
stars1azzqz8vrhr2npkm85g8q85c9q7wdwluuhva5sk,709,false,0,false
stars18wxl3epgl0msyvqpy77ajzuehxwwwal4kk2420,740,true,2750000000,false
stars1c7kplry9aytyhg3xyfq0yquwmeshkny09d3pdk,649,true,17777000000,false
stars1gy5ftyqqr69p8fyypt5z7wpsx3r5dhhxrft4ly,650,false,0,false
stars1eqstawylxn8c9dmfxzrg037nd0ej2dt52msf5e,736,true,2999000000,false
stars1wev8ptzj27aueu04wgvvl4gvurax6rj5anmrgl,691,false,0,false
stars1p3nf9fhf86qnyxuyes3flt0hg97a60lzvlhxw6,682,false,0,false
stars1p7gyng5y74pvrfdnlg2h7yr7vmfs9r6g8jlaqn,730,false,0,false
stars1dlvduk8gkcgp0sv7vcrrtfphg8lal0rzqy77vj,742,false,0,false
stars1k278k46nsvnc9ahx0n94qwt9qul7vea6j07m2t,658,true,5700000000,false
stars13vtg6907g7gta86unrpc3v2s378rt4pg73jhyh,677,false,0,false
stars1v6eyyvqltyyn28vcx5wrv5artueq6atz63u273,723,false,0,false
stars17n29htts9z3wd0ydtq0uwsxtpw0hs0c5tmlmum,707,false,0,false
stars1x4qhn656zx06lr6k8xlefy22gnwg3hjz64lwmd,717,false,0,false
stars1xex5n5q54qh5n7vslz9tls6k543hah3huh7dxn,727,false,0,false
stars1kkuy7ysjq9wwgd55ftk2zy2svl0xwa6e8hcsse,66,false,0,false
stars1ex58ltuvruyew8849atkwqxr22nr8jwwgjm8va,659,false,0,false
stars1p7gyng5y74pvrfdnlg2h7yr7vmfs9r6g8jlaqn,734,false,0,false
stars17fvj54vszd55sxgccu942ckpkdv3vxwf4mdu5e,688,false,0,false
stars14y0q8r9mdx7aw3khh8l7mzerww2nfu784mk6pu,698,true,4999000000,false
stars1w29q07ffksumkxm0rhzd2r3vcgdyjaft8lha2m,710,false,0,false
stars12gnkn36sk0wfnrhsfr74ep8qa68pa4gjwcfwcm,689,false,0,false
stars1va00h4ylq22agqm9kxjnkwmyjqr6wmk6haw46f,680,true,1640000000,false
stars1p3nf9fhf86qnyxuyes3flt0hg97a60lzvlhxw6,701,false,0,false
stars1d9zmnxvtfyt4fl9dlt529emx6eqd32nzvyc6fp,636,false,0,false
stars1yt8yzj806dvfl6ya6jjr0anxg4rs245nfj9crt,664,false,0,false
stars1c0alnmdraq35ds7v7k4fcm3322dx6v7y30ntvg,699,false,0,false
stars1wwas4jprv3e8k8y25vchh4780xhx47wrwfx9k6,726,true,2000000000,false
stars1gdw2v7cuqdm2pyzcc882cmqflhe952tcwhze93,69,false,0,false
stars1dy6c2gvg0802ujsnkhcg3f0vuvqwypu3kay4gj,640,false,0,false
stars1e0mlsr7d6vxd9fg7svzwrmz6ezlajv2ygfrmre,72,false,0,false
stars1l8ctju8z8efzug684h7d0efcwzrsd9x4qkkf08,655,false,0,false
stars1p7gyng5y74pvrfdnlg2h7yr7vmfs9r6g8jlaqn,733,false,0,false
stars1gdw2v7cuqdm2pyzcc882cmqflhe952tcwhze93,684,true,8500000000,false
stars14y0q8r9mdx7aw3khh8l7mzerww2nfu784mk6pu,657,false,0,false
stars1jm5tzacc7jmgq7flzlf64rmf7plxsfu7wf0ut9,724,false,0,false
stars1r9nmmpykgqs8y0jt23vf3626f0gpa6xny2g65u,729,false,0,false
stars1ta3kpc5uwa358hul6nsqrhcegqj4qnm9vgn3gj,656,false,0,false
stars1gy5ftyqqr69p8fyypt5z7wpsx3r5dhhxrft4ly,651,false,0,false
stars1adr72atmnzzvqlfe574c3qk5s9zxk0l2gq2rz5,637,false,0,false
stars1s24ht39ea9pquwa2ry3zwd4ahlq5zlj5452tfj,7,false,0,false
stars1vcs68xf2tnqes5tg0khr0vyevm40ff6z0gfdde,695,false,0,false
stars1qr5vq4ql0uv8q04et8rxaqu9hmhqpashtxt80c,683,false,0,false
stars1rsxf4sjxdyyvrdgxnay4ptsqnk5p363luq99sz,68,false,0,false
stars1gn9ae29kngc0fvahz3vtfw8elksc5majazkct9,697,false,0,false
stars10mext78584jwhdk0sds0njad7vuwgnfatx9q64,693,false,0,false
stars1yyeuww6ja6kppqa6fgyj7p326n9w2gnnjc4dq0,716,false,0,false
stars1qkzqdx4l2r6gf0nmw3n0jmv2dust2kc4l5r7kf,74,false,0,false
stars13vtg6907g7gta86unrpc3v2s378rt4pg73jhyh,676,false,0,false
stars1eqstawylxn8c9dmfxzrg037nd0ej2dt52msf5e,728,false,0,false
stars1afc49t7efvjdqzf6jgsyycj7vrqqe7mlkj7jmx,725,false,0,false
stars17v6tme9dus6u5gtx4emdgdwqz567pct3celna4,686,false,0,false
stars1p7k00hney7rx883qpp2gle0vv67sefnn8aun25,737,false,0,false
stars1tapjtvaas6h7aludtf59zfq5s8u6y9njj55mjt,738,false,0,false
stars1x4qhn656zx06lr6k8xlefy22gnwg3hjz64lwmd,718,false,0,false
stars12sg9j60qwdmfy9sne75k5pm2rk6hfjd5scyj34,702,false,0,false
stars1x4qhn656zx06lr6k8xlefy22gnwg3hjz64lwmd,712,false,0,false
stars1p7gyng5y74pvrfdnlg2h7yr7vmfs9r6g8jlaqn,732,false,0,false
stars13vtg6907g7gta86unrpc3v2s378rt4pg73jhyh,679,false,0,false
stars1p7gyng5y74pvrfdnlg2h7yr7vmfs9r6g8jlaqn,731,false,0,false
stars1pzqw5erp0ugf97927sfwgyd36ca6a68867xgp3,685,false,0,false
stars1p7gyng5y74pvrfdnlg2h7yr7vmfs9r6g8jlaqn,735,false,0,false
stars16mwsf2rht5wxsz6gvyzlr5h8f29evytkevvxk3,692,false,0,false
stars1dlvduk8gkcgp0sv7vcrrtfphg8lal0rzqy77vj,741,false,0,false
stars1x4qhn656zx06lr6k8xlefy22gnwg3hjz64lwmd,719,false,0,false
stars1x4qhn656zx06lr6k8xlefy22gnwg3hjz64lwmd,713,false,0,false
stars1w4zk4grznalhsfqy9hfhw75txn2mmmczmvshq4,703,false,0,false
stars1udhtf5w3lsauvefa65mtsmrthcj388usnqvhls,638,true,4000000000,false
stars1htykx3lxy839905cfsskkde4mvqqq3e6l7p0aq,647,false,0,false
stars1fvyye8t7ywrc5vl33g5rt64n32d8kjtnae6ys7,721,false,0,false
stars1fkuqhrc6pwulf3zlu6w5vcjxs5h9tdkrmzz3mh,711,true,1988000000,false
stars1x4qhn656zx06lr6k8xlefy22gnwg3hjz64lwmd,715,false,0,false
stars19sxaddfl8yvua6asf3gs8dszwvsemyj804wnlp,648,false,0,false
stars1fvyye8t7ywrc5vl33g5rt64n32d8kjtnae6ys7,722,false,0,false
stars1uh3j5x9mpzqvy77fst2up6awx43gvyxx0kw7w7,700,false,0,false
stars1afc49t7efvjdqzf6jgsyycj7vrqqe7mlkj7jmx,850,false,0,false
stars1kxngdafd6kwkk5mnhnqwhqp58xy5cfnu67dert,800,false,0,false
stars1dxtrggnfjqy92lh5gvpcsvsssdg3ml93v6pms0,826,false,0,false
stars1f4tfssdyvjuutm4s8w770nhek2f6f7yvt4e78p,822,false,0,false
stars17n29htts9z3wd0ydtq0uwsxtpw0hs0c5tmlmum,811,false,0,false
stars14gclp0lz296nx6fsprtfudkuk8ffz5gr8fvqjj,827,false,0,false
stars199nhjadlzff79fdxwyqj5ul8nqsv0zyec86wyz,832,true,7000000000,false
stars1qvj6xdgtfa3w5n63733wlu4qscenvak03vdcgq,80,false,0,false
stars1ew6tzsrunpylvd4dyqt4p7kr46tr4uewrdgefh,807,false,0,false
stars1ew6tzsrunpylvd4dyqt4p7kr46tr4uewrdgefh,772,false,0,false
stars19ucwymx44n9l8nwjjd3lyrfpn7h7g3hcsc4z22,805,false,0,false
stars1vk6nzqk20cpnxh4epke9dhzjwggr0ymgl4xlty,799,false,0,false
stars14am952nzggxntteuq5napl6e27kerx4hcaa0d8,802,false,0,false
stars10a29hu7chl55ar4wsyjueqxc7smudpvrjlh53k,806,false,0,false
stars1lcqfxma5peq9s5kcxxvdn2lx0la28vqysdfmle,814,false,0,false
stars1twaqkw5fje0xj5z4jxvft6hsd2gxwfk69x2c5n,837,true,6800000000,false
stars1jvm8gy4lgzcrsagxpyhvvxymz982y3j58xg6sr,763,false,0,false
stars16w7090ntsyyg2g7xuex2fuhrazzvkppjy0s0sv,781,false,0,false
stars1vr3p4yyk0vkjekrvhmjvnj4g5ypl8exau4u23c,829,false,0,false
stars1tf0s6dfwaxj7q60038h5sdzpgej0yv0xe8j2ld,757,false,0,false
stars17smfsx40llagc3gj8p2f5x3r0rmdl8fwx0pgmd,746,false,0,false
stars13g9aza50mtj8urmgadqr26678ppt29prmqe5y8,825,false,0,false
stars176s0ju84w0xrsr7merd3mvpqngfgzm5a2ww29r,785,false,0,false
stars1r2rmymxq34hrqp4rf5v737jpj8ghspclc4dac4,818,false,0,false
stars16w7090ntsyyg2g7xuex2fuhrazzvkppjy0s0sv,780,false,0,false
stars1v6eyyvqltyyn28vcx5wrv5artueq6atz63u273,844,false,0,false
stars1hp7k378djny7qzwehxflx9tlpva7j9xu25rmee,760,false,0,false
stars1vhm0wt9js4htvylnatmhxh4meawlmd8vqhf4wk,8,false,0,false
stars1vk6nzqk20cpnxh4epke9dhzjwggr0ymgl4xlty,793,false,0,false
stars1vej0xzhxgrssj43s45qfsq56k3p62807nah85x,761,false,0,false
stars1d8yqjn6p4cf2nlqfg039tr356fgyjf2gr0cdt8,755,false,0,false
stars19sxaddfl8yvua6asf3gs8dszwvsemyj804wnlp,846,false,0,false
stars1m2nfw2nyc2gmzu9rav33ajqgl873k00v4taw0g,778,false,0,false
stars13ff658m82uagjf9lph7g8c3ukt9rvgg8sgzq57,848,false,0,false
stars1tl5t6h224qmtcfxcl6dd8rlptzs3rp495czzly,839,false,0,false
stars1qpac8q0ky745zmfpenc5cnn8jd24vzrndatplv,773,false,0,false
stars1r2rmymxq34hrqp4rf5v737jpj8ghspclc4dac4,816,false,0,false
stars1uxeu3j0nglqzd5mwnjdyfhrfwhgs83ey0mjazq,801,false,0,false
stars1qvmpf9y7g8hqu68f5mq5w9fkdkjkv5jwdjclf0,812,true,1300000000,false
stars1s2w9z3ad0quyxd8re7hw786eaq8a9r5az7q8sk,849,false,0,false
stars1hjsc3m9h2a07k2l8kyyf5g54tt0t7nwhmzpmkh,749,false,0,false
stars1qpac8q0ky745zmfpenc5cnn8jd24vzrndatplv,775,false,0,false
stars1qpac8q0ky745zmfpenc5cnn8jd24vzrndatplv,771,true,10000000000,false
stars1fpssq72xh5a68y4xr3eez8c8ehn57h0cvd0p55,845,false,0,false
stars1sk6nav0ue4umshlhv26myx3vjvhhtd7vt3hj3j,841,false,0,false
stars1v8yc8tp0rpp7ghyvna2x5z3pxhuuts70kzpgum,79,false,0,false
stars1uup8gpzrk5wpaw8tu6ml72ur3ag0u6wmlan9sv,776,false,0,false
stars1w0zyeju4hdcjswrcnu3y34mvhw24fq45lagfze,777,false,0,false
stars1488m8k9mawncs0eyd9zae376yyl8vahl2dzyu2,784,true,2999000000,false
stars1c0q7xhs8l769c37ygxeyhj6m9yj4j9yzqxa9ru,838,false,0,false
stars1f205t3y08u7ew880wt2ywa2syjm50l6lv4wk7q,790,false,0,false
stars13336q7zzxlvcngynpp3mrss7620vx5n6fl4ch0,765,false,0,false
stars1s2w9z3ad0quyxd8re7hw786eaq8a9r5az7q8sk,796,false,0,false
stars1cn4chy9r4qlhpxdaf0tc6eh343cqvje3slvz7v,828,true,2000000000,false
stars1qpac8q0ky745zmfpenc5cnn8jd24vzrndatplv,769,false,0,false
stars1twaqkw5fje0xj5z4jxvft6hsd2gxwfk69x2c5n,836,true,6800000000,false
stars1r2rmymxq34hrqp4rf5v737jpj8ghspclc4dac4,817,false,0,false
stars1v97agk4gkyytpphhymqxhh3aqvvra3vve3trux,810,false,0,false
stars14rpx23zaq3feeaj4m9nnu8j2p6zrqcxjp9mgvz,821,false,0,false
stars19ucwymx44n9l8nwjjd3lyrfpn7h7g3hcsc4z22,808,false,0,false
stars1qvj6xdgtfa3w5n63733wlu4qscenvak03vdcgq,82,false,0,false
stars19ucwymx44n9l8nwjjd3lyrfpn7h7g3hcsc4z22,809,false,0,false
stars1qed7pxfnzr875aclrmctzuh284dc8ks99mkhwk,820,true,4100000000,false
stars1guger5vlqy5r8yhy29ay62aqspslex5esphc89,840,false,0,false
stars1vk6nzqk20cpnxh4epke9dhzjwggr0ymgl4xlty,794,false,0,false
stars1vej0xzhxgrssj43s45qfsq56k3p62807nah85x,764,false,0,false
stars1f205t3y08u7ew880wt2ywa2syjm50l6lv4wk7q,756,false,0,false
stars13g9aza50mtj8urmgadqr26678ppt29prmqe5y8,803,false,0,false
stars1sk6nav0ue4umshlhv26myx3vjvhhtd7vt3hj3j,842,false,0,false
stars154fvcpg0qesfnegljtpvjamr5azw548mty3tg7,786,false,0,false
stars1htykx3lxy839905cfsskkde4mvqqq3e6l7p0aq,819,true,1990000000,false
stars1d8yqjn6p4cf2nlqfg039tr356fgyjf2gr0cdt8,754,false,0,false
stars14y0q8r9mdx7aw3khh8l7mzerww2nfu784mk6pu,78,false,0,false
stars1frruu2ru6prrr5lj2n6z9ltjs47tf5qweemcgg,830,true,4000000000,false
stars1gy29l2qqv5l0zdpesza92dhw9qst7jdg9unw33,824,false,0,false
stars1qpac8q0ky745zmfpenc5cnn8jd24vzrndatplv,768,true,10000000000,false
stars1v6eyyvqltyyn28vcx5wrv5artueq6atz63u273,835,false,0,false
stars1l4epvlqwgjdg3262wlvt0qwj7j8sx7y6uvc20h,748,false,0,false
stars1qpac8q0ky745zmfpenc5cnn8jd24vzrndatplv,770,false,0,false
stars17qrfgsyepv3mk2f29jkvf0y7q0fnyx7dd78l5z,787,false,0,false
stars14y0q8r9mdx7aw3khh8l7mzerww2nfu784mk6pu,750,false,0,false
stars1k278k46nsvnc9ahx0n94qwt9qul7vea6j07m2t,847,true,8000000000,false
stars1mta9uggk77k57xfh8rd0kemzy9ggefygncu28j,789,false,0,false
stars1vk6nzqk20cpnxh4epke9dhzjwggr0ymgl4xlty,798,false,0,false
stars1gt8qpuxf5f6pkdw0rwa9kjuwx22s2qd3smdqj2,76,false,0,false
stars19ucwymx44n9l8nwjjd3lyrfpn7h7g3hcsc4z22,75,false,0,false
stars1fnu8j0flhzkvww9ydk77u7fqaa4fltsasrffvf,752,false,0,false
stars15wpzzsc8jk8ppezt2u535zg7eydw3kn9a9c9er,843,true,3500000000,false
stars1vk6nzqk20cpnxh4epke9dhzjwggr0ymgl4xlty,795,false,0,false
stars1gdw2v7cuqdm2pyzcc882cmqflhe952tcwhze93,779,false,0,false
stars1qpac8q0ky745zmfpenc5cnn8jd24vzrndatplv,766,false,0,false
stars1qpac8q0ky745zmfpenc5cnn8jd24vzrndatplv,767,false,0,false
stars1a02gxhfxr49c87secnw98sscps02f29ae89qvt,833,false,0,false
stars1488m8k9mawncs0eyd9zae376yyl8vahl2dzyu2,782,true,14999000000,false
stars1qpac8q0ky745zmfpenc5cnn8jd24vzrndatplv,774,false,0,false
stars14mapa05fzqw3ddj4cse70d27y5tlgl3zsyc4z9,747,false,0,false
stars1r2rmymxq34hrqp4rf5v737jpj8ghspclc4dac4,815,true,9999000000,false
stars1fnu8j0flhzkvww9ydk77u7fqaa4fltsasrffvf,751,false,0,false
stars1eqstawylxn8c9dmfxzrg037nd0ej2dt52msf5e,762,false,0,false
stars1vk6nzqk20cpnxh4epke9dhzjwggr0ymgl4xlty,797,false,0,false
stars1etjhkakk2zxy3ux48r6ketrnxg2rpyagth35f6,914,false,0,false
stars1up7p4uhgzfzrk6fnqjes0wty9rv7q0yxqj6nwk,937,false,0,false
stars1rqx7h77w3gjvwxekg6uecnfsxjdz98hpu7uvj9,895,false,0,false
stars188zumy54u8fpwqlk3yd8ektv95jgy99ej6qcnu,864,false,0,false
stars1vs3drav5z7aclucz85eta40y9gk6m22smgeylz,948,true,15000000000,false
stars1r2x9cdpjdyc3z6hvms0v5lngwz0zxspe6z83nq,885,false,0,false
stars13a7anfz0dw22ag5q8s8hge9w4vpvnvy5ja0wwc,875,false,0,false
stars14y0q8r9mdx7aw3khh8l7mzerww2nfu784mk6pu,901,false,0,false
stars129edugmeq5cekmv7sr4vng2wded4zkms5xmgpv,870,false,0,false
stars1law4g8el90v0kpwy2kaxp222vhsd0m6nks23u2,912,true,15000000000,false
stars1t67c44dy4w2r0tpa058sm89f6mejzas3skasr2,961,false,0,false
stars1yqxtj0ke9yxn2vjpe0v5gqc5zptfrzex0tluv8,924,false,0,false
stars1f205t3y08u7ew880wt2ywa2syjm50l6lv4wk7q,900,false,0,false
stars1q0tfewa60enuu8utyjs9w7um58njhd7fpjvryq,921,false,0,false
stars17tj6f8kwygvd2959wnnvkhhevuva5h03cp6t0k,92,false,0,false
stars1yqxtj0ke9yxn2vjpe0v5gqc5zptfrzex0tluv8,908,false,0,false
stars1rgnd3wftjyzm4j0jgkxlcvfhs4u6qafwlyq8yn,898,true,3200000000,false
stars1zhek7k2g4qpnmhh867gfy3edqu0sjyfxsty50e,909,true,25000000000,false
stars1gdw2v7cuqdm2pyzcc882cmqflhe952tcwhze93,911,false,0,false
stars1c3fx9z7xw09c4uz7r05zvml4pvpyfsedkdstgn,917,false,0,false
stars10gspc953t0smgs4as886varkatcmjrgsp4cu5v,931,false,0,false
stars1zh7jmkpej65yv6rh4amvh8nyj8nwzcdkg4497k,866,false,0,false
stars1rpxjsca5wcfgqp8r80lz20lwytcvgwdknp9wk4,918,false,0,false
stars1hjsc3m9h2a07k2l8kyyf5g54tt0t7nwhmzpmkh,939,false,0,false
stars1hrq50evhknnw9ux8vr62sptyc65l53h80vdkn6,925,false,0,false
stars1afpgsrwpf0rnl05xg2pgze06yyrhrke8gx006a,867,false,0,false
stars18t3t43sgmthk5g8l0a0urjwk9ahylef5f93aj3,853,false,0,false
stars19ucwymx44n9l8nwjjd3lyrfpn7h7g3hcsc4z22,919,true,110000000000,false
stars16tgexnvy7354ul6ve08kqk8czar5eejf7yzz3w,904,false,0,false
stars1488m8k9mawncs0eyd9zae376yyl8vahl2dzyu2,857,true,3999000000,false
stars1y573wwtlw47tj0flkwhphhgrpufgptxfyvqrfm,886,false,0,false
stars1gt9pr82zf7ape60ydx7cn46q2wc0axn6dx6ze3,905,false,0,false
stars1gssckf5mfhay9ux3vkwce6s3ucuafh89tffxx8,929,false,0,false
stars1gd8pd5f8tz4xvk07jwv7re522ur9qqkjv7exlv,945,false,0,false
stars14y0q8r9mdx7aw3khh8l7mzerww2nfu784mk6pu,923,false,0,false
stars1hzwrqxxw4yqut4ljn44xtwjdy262m0ywnzhre5,865,false,0,false
stars13dk09luq9kjdkx45s0q79lgeztjnaj6gxh3kpy,915,false,0,false
stars1r2x9cdpjdyc3z6hvms0v5lngwz0zxspe6z83nq,883,false,0,false
stars1xuvqqtpav938pskxzslwv6x9xvs3yg456ud32f,950,false,0,false
stars1mlnak03uv77p8chr50aryqnyrxn8ht6ejez4un,899,false,0,false
stars13a7anfz0dw22ag5q8s8hge9w4vpvnvy5ja0wwc,881,false,0,false
stars1yqht6x4gx328ym896j2k6e43qnayg09tasxg6p,897,false,0,false
stars1kjr2ahuv0v93rk2v5fu0vqax9k80szmvgfnyx6,927,true,59900000000,false
stars1afpgsrwpf0rnl05xg2pgze06yyrhrke8gx006a,949,false,0,false
stars1rqx7h77w3gjvwxekg6uecnfsxjdz98hpu7uvj9,892,false,0,false
stars1rqx7h77w3gjvwxekg6uecnfsxjdz98hpu7uvj9,896,false,0,false
stars1tfr7ttkevwpk3wmxf06u2vztlyac0jw2k4ku50,89,false,0,false
stars13a7anfz0dw22ag5q8s8hge9w4vpvnvy5ja0wwc,879,false,0,false
stars1f205t3y08u7ew880wt2ywa2syjm50l6lv4wk7q,922,false,0,false
stars1ddvdmnnhj29vxyha8c9ygzpqltj9x7nh7ucayz,858,false,0,false
stars1u2j6t46ptgtrjyfn0v5k70u429kpzkl2j0dwz6,869,false,0,false
stars13a7anfz0dw22ag5q8s8hge9w4vpvnvy5ja0wwc,872,false,0,false
stars1428dpgezrcm40j72rljuvsqxth5j5p8nnrpgzr,942,false,0,false
stars18t3t43sgmthk5g8l0a0urjwk9ahylef5f93aj3,851,false,0,false
stars144q3zf67ehecqpvsxmkxkx6wul0c9rsxlcmfvg,938,false,0,false
stars1t67c44dy4w2r0tpa058sm89f6mejzas3skasr2,960,false,0,false
stars1rqx7h77w3gjvwxekg6uecnfsxjdz98hpu7uvj9,887,false,0,false
stars13a7anfz0dw22ag5q8s8hge9w4vpvnvy5ja0wwc,874,false,0,false
stars1sm7c84n4fryl39490zf3gr9550cln6g7lm4cpz,956,false,0,false
stars128kzv82fdxx9ywl987e5dwswc02dycrk8njl70,954,false,0,false
stars1uup8gpzrk5wpaw8tu6ml72ur3ag0u6wmlan9sv,959,false,0,false
stars1law4g8el90v0kpwy2kaxp222vhsd0m6nks23u2,868,true,4500000000,false
stars158gffeys5xh8ytf3f7x57yuaajzhm6fa69n08r,96,false,0,false
stars128kzv82fdxx9ywl987e5dwswc02dycrk8njl70,955,false,0,false
stars1pvjdpz5t23hy7wfv30cj03hhs3rufkpf9fredz,871,false,0,false
stars12h2x9j0vnauzgcvfza4dqegmvhm7yep65cn2nd,861,false,0,false
stars1uy8zkm8g7mfkze3zkpmtaq7t62gwgy429v5uek,860,false,0,false
stars13a7anfz0dw22ag5q8s8hge9w4vpvnvy5ja0wwc,873,false,0,false
stars19sxaddfl8yvua6asf3gs8dszwvsemyj804wnlp,944,false,0,false
stars1rqx7h77w3gjvwxekg6uecnfsxjdz98hpu7uvj9,888,false,0,false
stars1rqx7h77w3gjvwxekg6uecnfsxjdz98hpu7uvj9,889,false,0,false
stars1x6lku838dmerjaslypgm2ykfs66ec7da72pxgk,88,false,0,false
stars13a7anfz0dw22ag5q8s8hge9w4vpvnvy5ja0wwc,880,false,0,false
stars1c0l29gvpj7n7wq4mmcrszvn50yt723mdyr0yd7,852,false,0,false
stars1dagf3gr0h6cer294e67z2jdwnugtegrzm4augw,957,false,0,false
stars1rqx7h77w3gjvwxekg6uecnfsxjdz98hpu7uvj9,894,false,0,false
stars1r9nmmpykgqs8y0jt23vf3626f0gpa6xny2g65u,87,false,0,false
stars1dnqf4s9ss0me7fxlq28993awv6wyjhrea3uwtn,855,false,0,false
stars1kq0vsru8ufey2pduv7yn4ppp3h8k028t85flrv,906,false,0,false
stars1r2x9cdpjdyc3z6hvms0v5lngwz0zxspe6z83nq,882,false,0,false
stars1gqn56ztqjjff5v4h4335n7djnd7knqvplhsc98,928,false,0,false
stars13a7anfz0dw22ag5q8s8hge9w4vpvnvy5ja0wwc,878,false,0,false
stars13a7anfz0dw22ag5q8s8hge9w4vpvnvy5ja0wwc,877,false,0,false
stars1artj04ggd38xftestmm48jg2ycyt9xut3e2y0l,94,false,0,false
stars1rqx7h77w3gjvwxekg6uecnfsxjdz98hpu7uvj9,893,false,0,false
stars1phjay9jyx7wty20qpts2t78eqq22dvaqxlrect,943,false,0,false
stars1frruu2ru6prrr5lj2n6z9ltjs47tf5qweemcgg,958,true,4000000000,false
stars1rtftgpzdce0wna8vd9k7ymgpxtmqh02zsjzj67,952,false,0,false
stars1sgtkl53fvgjnscahnpknaf6dxxe6cutv57lc8c,934,false,0,false
stars19sxaddfl8yvua6asf3gs8dszwvsemyj804wnlp,946,false,0,false
stars1gdw2v7cuqdm2pyzcc882cmqflhe952tcwhze93,856,true,5000000000,false
stars18t3t43sgmthk5g8l0a0urjwk9ahylef5f93aj3,854,false,0,false
stars13a7anfz0dw22ag5q8s8hge9w4vpvnvy5ja0wwc,876,false,0,false
stars1r2x9cdpjdyc3z6hvms0v5lngwz0zxspe6z83nq,884,false,0,false
stars1r020k5d5p9sc2ytpa38dt56vup8m42yajfgs3a,863,false,0,false
stars1uy8zkm8g7mfkze3zkpmtaq7t62gwgy429v5uek,859,false,0,false
stars1rqx7h77w3gjvwxekg6uecnfsxjdz98hpu7uvj9,891,false,0,false
stars1rqx7h77w3gjvwxekg6uecnfsxjdz98hpu7uvj9,890,false,0,false
stars1h9v9er46xw46r3mmptywt2r46snz403p0p6wpd,930,false,0,false
stars1unvmlzec4fsuug0xryvkj4y45s4qam3hk2rv24,862,false,0,false
stars1t67c44dy4w2r0tpa058sm89f6mejzas3skasr2,963,true,1300000000,false
stars1muttxxvr034r4y7nrnyfylharms4fsuewflhv0,985,false,0,false
stars1g9a7wt7kxg6t8xvx32mj830plq5qteq5anfdgt,98,false,0,false
stars1t67c44dy4w2r0tpa058sm89f6mejzas3skasr2,966,false,0,false
stars1lhp0vafp2zv3nkdmmuu6enpthxcp9tmmddxufm,97,false,0,false
stars1t67c44dy4w2r0tpa058sm89f6mejzas3skasr2,967,false,0,false
stars13ahujz6gzmt8c54gzrph93srq3q6agr0tvp77l,965,false,0,false
stars1xezfurau4h4ua002fk3zwy3le6hhhj0nn6fcy5,973,false,0,false
stars1xezfurau4h4ua002fk3zwy3le6hhhj0nn6fcy5,976,false,0,false
stars19p74u3qm6v980n5wwwr8wkfwlvljj0m09qt4cj,999,false,0,false
stars1t67c44dy4w2r0tpa058sm89f6mejzas3skasr2,968,false,0,false
stars16hltv4w4twc2xe6nxpl9u7nhn7jv3gqxc45df6,978,false,0,false
stars19qe24wyhe4t0h2l5w3uvns3kz47g577rpydhkw,993,false,0,false
stars1t67c44dy4w2r0tpa058sm89f6mejzas3skasr2,962,false,0,false
stars1lu4pyg6fgumqf4lg4jyfd5qded9cadlam84a8u,984,false,0,false
stars1xezfurau4h4ua002fk3zwy3le6hhhj0nn6fcy5,977,false,0,false
stars1xwqsywzaz03zdjq2smysj3hp64fvq26lmmxh0j,969,false,0,false
stars1pw4j58t52qe265q3j99h3fpgz5zkxej6qcydev,987,false,0,false
stars14y0q8r9mdx7aw3khh8l7mzerww2nfu784mk6pu,998,true,1999000000,false
stars19sxaddfl8yvua6asf3gs8dszwvsemyj804wnlp,980,false,0,false
stars1muttxxvr034r4y7nrnyfylharms4fsuewflhv0,986,false,0,false
stars1f0xgqjdpkur4tue7yvmzxhza6wahx7lp2s4r0n,988,false,0,false
stars10962jenlsq0sfqmd3q026ye0kcceder56x8wcf,990,false,0,false
stars13g9aza50mtj8urmgadqr26678ppt29prmqe5y8,989,false,0,false
stars1xezfurau4h4ua002fk3zwy3le6hhhj0nn6fcy5,974,false,0,false
stars1gp8hg5wy09qkvx3krqjntzszdnfn25dh9pakxf,983,false,0,false
stars19sxaddfl8yvua6asf3gs8dszwvsemyj804wnlp,994,true,1968000000,false
stars12a6mrygzmue3fprs475pq3hhf8v5rz9tnj2jd9,997,false,0,false
stars1sah6yh3jmx8z24jgnytsurqryfrx5sqwuvqd9r,972,false,0,false
stars13g9aza50mtj8urmgadqr26678ppt29prmqe5y8,99,false,0,false
stars1t67c44dy4w2r0tpa058sm89f6mejzas3skasr2,964,false,0,false
stars1eqstawylxn8c9dmfxzrg037nd0ej2dt52msf5e,982,false,0,false
stars16tgexnvy7354ul6ve08kqk8czar5eejf7yzz3w,970,false,0,false
stars1xezfurau4h4ua002fk3zwy3le6hhhj0nn6fcy5,975,false,0,false
stars1f205t3y08u7ew880wt2ywa2syjm50l6lv4wk7q,996,false,0,false
stars1tcashe2jcwu4mlwql08ayrmv72dwanpz2rpqwh,995,false,0,false
stars13cyy05j2tsxl49wdag6rewgljsffm8p24q4tku,991,false,0,false
stars19qe24wyhe4t0h2l5w3uvns3kz47g577rpydhkw,992,false,0,false
